Workbook
Name Tech1: #REF!
Name Tech2: #REF!
Name Tech3: #REF!
Name Tech4: #REF!
Name Tech5: #REF!
Name Tech6: #REF!
Name Tech7: #REF!
Name Tech8: #REF!

Sheet SE4X Production
B1: Space Empires Production Sheet
B2: Economic Phase | C2: 1 | E2: 2* | G2: 3 | I2: 4* | K2: 5 | M2: 6* | O2: 7 | Q2: 8* | S2: 9 | U2: 10* | W2: 11 | Y2: 12* | AA2: 13 | AC2: 14* | AE2: 15 | AG2: 16* | AI2: 17 | AK2: 18* | AM2: 19 | AO2: 20*
B3: Carry over (max 30) | C3: 0 | E3: =SUM(C25-C26) -> 0 | G3: =SUM(E25-E26) -> 0 | I3: =SUM(G25-G26) -> 0 | K3: =SUM(I25-I26) -> 0 | M3: =SUM(K25-K26) -> 0 | O3: =SUM(M25-M26) -> 0 | Q3: =SUM(O25-O26) -> 0 | S3: =SUM(Q25-Q26) -> 0 | U3: =SUM(S25-S26) -> 0 | W3: =SUM(U25-U26) -> 0 | Y3: =SUM(W25-W26) -> 0 | AA3: =SUM(Y25-Y26) -> 0 | AC3: =SUM(AA25-AA26) -> 0 | AE3: =SUM(AC25-AC26) -> 0 | AG3: =SUM(AE25-AE26) -> 0 | AI3: =SUM(AG25-AG26) -> 0 | AK3: =SUM(AI25-AI26) -> 0 | AM3: =SUM(AK25-AK26) -> 0 | AO3: =SUM(AM25-AM26) -> 0
B4: + Colony CP
B5: + Mineral/Resource Card CP
B6: + MS Pipeline CP
B7: Total CP | C7: =SUM(C3:C6) -> 0 | E7: =SUM(E3:E6) -> 0 | G7: =SUM(G3:G6) -> 0 | I7: =SUM(I3:I6) -> 0 | K7: =SUM(K3:K6) -> 0 | M7: =SUM(M3:M6) -> 0 | O7: =SUM(O3:O6) -> 0 | Q7: =SUM(Q3:Q6) -> 0 | S7: =SUM(S3:S6) -> 0 | U7: =SUM(U3:U6) -> 0 | W7: =SUM(W3:W6) -> 0 | Y7: =SUM(Y3:Y6) -> 0 | AA7: =SUM(AA3:AA6) -> 0 | AC7: =SUM(AC3:AC6) -> 0 | AE7: =SUM(AE3:AE6) -> 0 | AG7: =SUM(AG3:AG6) -> 0 | AI7: =SUM(AI3:AI6) -> 0 | AK7: =SUM(AK3:AK6) -> 0 | AM7: =SUM(AM3:AM6) -> 0 | AO7: =SUM(AO3:AO6) -> 0
B8: - Maintenance | E8: =SUM(C8+C27-C28) -> 0 | G8: =SUM(E8+E27-E28) -> 0 | I8: =SUM(G8+G27-G28) -> 0 | K8: =SUM(I8+I27-I28) -> 0 | M8: =SUM(K8+K27-K28) -> 0 | O8: =SUM(M8+M27-M28) -> 0 | Q8: =SUM(O8+O27-O28) -> 0 | S8: =SUM(Q8+Q27-Q28) -> 0 | U8: =SUM(S8+S27-S28) -> 0 | W8: =SUM(U8+U27-U28) -> 0 | Y8: =SUM(W8+W27-W28) -> 0 | AA8: =SUM(Y8+Y27-Y28) -> 0 | AC8: =SUM(AA8+AA27-AA28) -> 0 | AE8: =SUM(AC8+AC27-AC28) -> 0 | AG8: =SUM(AE8+AE27-AE28) -> 0 | AI8: =SUM(AG8+AG27-AG28) -> 0 | AK8: =SUM(AI8+AI27-AI28) -> 0 | AM8: =SUM(AK8+AK27-AK28) -> 0 | AO8: =SUM(AM8+AM27-AM28) -> 0
B9: - Turn order bid
B10: Subtotal | C10: =SUM(C7-SUM(C8:C9)) -> 0 | E10: =SUM(E7-SUM(E8:E9)) -> 0 | G10: =SUM(G7-SUM(G8:G9)) -> 0 | I10: =SUM(I7-SUM(I8:I9)) -> 0 | K10: =SUM(K7-SUM(K8:K9)) -> 0 | M10: =SUM(M7-SUM(M8:M9)) -> 0 | O10: =SUM(O7-SUM(O8:O9)) -> 0 | Q10: =SUM(Q7-SUM(Q8:Q9)) -> 0 | S10: =SUM(S7-SUM(S8:S9)) -> 0 | U10: =SUM(U7-SUM(U8:U9)) -> 0 | W10: =SUM(W7-SUM(W8:W9)) -> 0 | Y10: =SUM(Y7-SUM(Y8:Y9)) -> 0 | AA10: =SUM(AA7-SUM(AA8:AA9)) -> 0 | AC10: =SUM(AC7-SUM(AC8:AC9)) -> 0 | AE10: =SUM(AE7-SUM(AE8:AE9)) -> 0 | AG10: =SUM(AG7-SUM(AG8:AG9)) -> 0 | AI10: =SUM(AI7-SUM(AI8:AI9)) -> 0 | AK10: =SUM(AK7-SUM(AK8:AK9)) -> 0 | AM10: =SUM(AM7-SUM(AM8:AM9)) -> 0 | AO10: =SUM(AO7-SUM(AO8:AO9)) -> 0
B11: -Technology Spending
B16: - Ship Spending
B22: * draw 2 crew cards and keep 1
B23: 1 troop per 3 unblockaded colonies
B25: Remaining CP | C25: =SUM(C10-SUM(C11:C24)) -> 0 | E25: =SUM(E10-SUM(E11:E24)) -> 0 | G25: =SUM(G10-SUM(G11:G24)) -> 0 | I25: =SUM(I10-SUM(I11:I24)) -> 0 | K25: =SUM(K10-SUM(K11:K24)) -> 0 | M25: =SUM(M10-SUM(M11:M24)) -> 0 | O25: =SUM(O10-SUM(O11:O24)) -> 0 | Q25: =SUM(Q10-SUM(Q11:Q24)) -> 0 | S25: =SUM(S10-SUM(S11:S24)) -> 0 | U25: =SUM(U10-SUM(U11:U24)) -> 0 | W25: =SUM(W10-SUM(W11:W24)) -> 0 | Y25: =SUM(Y10-SUM(Y11:Y24)) -> 0 | AA25: =SUM(AA10-SUM(AA11:AA24)) -> 0 | AC25: =SUM(AC10-SUM(AC11:AC24)) -> 0 | AE25: =SUM(AE10-SUM(AE11:AE24)) -> 0 | AG25: =SUM(AG10-SUM(AG11:AG24)) -> 0 | AI25: =SUM(AI10-SUM(AI11:AI24)) -> 0 | AK25: =SUM(AK10-SUM(AK11:AK24)) -> 0 | AM25: =SUM(AM10-SUM(AM11:AM24)) -> 0 | AO25: =SUM(AO10-SUM(AO11:AO24)) -> 0
B26: - CP spent on upgrades
B27: Maintenance Inc (buys)
B28: Maintenance Dec (losses)
B30: Technology | C30: Start | E30: Current | G30: Level CP (Cost)
B31: Ship Size | C31: 1 | E31: 1 | G31: 2 (10) | I31: 3 (15) | K31: 4 (20) | M31: 5 (20) | O31: 6 (20) | Q31: 7 (30) | T31: FALSE | V31: Alternate Empire
B32: Attack | C32: 0 | E32: 0 | G32: 1 (20) | I32: 2 (30) | K32: 3 (25) | M32: 4 (10)
B33: Defense | C33: 0 | E33: 0 | G33: 1 (20) | I33: 2 (30) | K33: 3 (25)
B34: Tactics | C34: 0 | E34: 0 | G34: 1 (15) | I34: 2 (15) | K34: 3 (15)
B35: Move | C35: 1 | E35: 1 | G35: 2 (20) | I35: 3 (25) | K35: 4 (25) | M35: 5 (25) | O35: 6 (20) | Q35: 7 (20)
B36: Fighters | C36: 0 | E36: 0 | G36: 1 (25) | I36: 2 (20) | K36: 3 (25) | M36: 4 (25)
B37: Point Defense | C37: 0 | E37: 0 | G37: 1 (20) | I37: 2 (20) | K37: 3 (20)
B38: Ship Yards | C38: 1 | E38: 1 | G38: 2 (20) | I38: 3 (25)
B39: Terraforming | C39: 0 | E39: 0 | G39: 1 (20) | I39: 2 (25)
B40: Exploration | C40: 0 | E40: 0 | G40: 1 (15) | I40: 2 (15)
B41: Cloaking | C41: 0 | E41: 0 | G41: 1 (30) | I41: 2 (30)
B42: Scanners | C42: 0 | E42: 0 | G42: 1 (20) | I42: 2 (20)
B43: Mines | C43: 0 | E43: 0 | G43: 1 (30)
B44: Mine Sweep | C44: 0 | E44: 0 | G44: 1 (10) | I44: 2 (15) | K44: 3 (20)
B45: Advanced Rules
B46: Ground Combat | C46: 1 | E46: 1 | G46: 2 (10) | I46: 3 (25)
B47: Advanced Construction | C47: 0 | E47: 0 | G47: 1 (10) | I47: 2 (10) | K47: 3 (10)
B48: Anti-Replicator | C48: 0 | E48: 0 | G48: 1 (10)
B49: Military Academy | C49: 0 | E49: 0 | G49: 1 (10) | I49: 2 (20)
B50: Boarding | C50: 0 | E50: 0 | G50: 1 (20) | I50: 2 (25)
B51: Security Forces | C51: 0 | E51: 0 | G51: 1 (15) | I51: 2 (15)
B52: Missile Boats | C52: 0 | E52: 0 | G52: 1 (20) | I52: 2 (15)
B53: Jammer | C53: 0 | E53: 0 | G53: 1 (15) | I53: 2 (15)
B54: Fast / BC Ability # | C54: 0 | E54: 0 | G54: 1 (10) | I54: 2 (10)
B55: Tractor Beam / BB Ability # | C55: 0 | E55: 0 | G55: 1 (10)
B56: Shield Projector / DN Ability # | C56: 0 | E56: 0 | G56: 1 (10)

Sheet Ship Technology
F1: Ship Technology Sheet
F2: Group | G2: Attack | H2: Defense | I2: Tactics | J2: Move | K2: React | L2: Other | P2: Special Ability | Q2: Experience
F3: SY | G3: =IF('SE4X Production'!$E$32<=1,'SE4X Production'!$E$32,0) -> 0 | H3: =IF('SE4X Production'!$E$33<=1,'SE4X Production'!$E$33,0) -> 0 | I3: ='SE4X Production'!$E$34 -> 0 | L3: Ship Yard | M3: ='SE4X Production'!$E38 -> 1 | R3: TRUE
F4: =IF('SE4X Production'!$E$47>=1," AdvBase"," Base") -> Base | G4: =IF('SE4X Production'!$E$32<=3,'SE4X Production'!$E$32,0) -> 0 | H4: =IF('SE4X Production'!$E$33<=3,'SE4X Production'!$E$33,0) -> 0 | I4: ='SE4X Production'!$E$34 -> 0 | L4: =IF('SE4X Production'!$E$47>=1," Exploration","") | M4: =IF('SE4X Production'!$E$47>=1,'SE4X Production'!$E$40,"") | N4: =IF('SE4X Production'!$E$47>=1," Scanners","") | O4: =IF('SE4X Production'!$E$47>=1,'SE4X Production'!$E$42,"") | R4: FALSE
F5: SB | G5: ='SE4X Production'!$E$32 -> 0 | H5: ='SE4X Production'!$E$33 -> 0 | I5: ='SE4X Production'!$E$34 -> 0 | L5: Exploration | M5: ='SE4X Production'!$E$40 -> 0 | N5: Ship Yard | O5: ='SE4X Production'!$E38 -> 1 | R5: FALSE
F6: DSN | G6: =IF('SE4X Production'!$E$32<=3,'SE4X Production'!$E$32,0) -> 0 | H6: =IF('SE4X Production'!$E$33<=3,'SE4X Production'!$E$33,0) -> 0 | I6: ='SE4X Production'!$E$34 -> 0 | R6: FALSE
A7: FALSE | D7: FALSE | F7: =IF('SE4X Production'!$E$47>=3," AdvFlag"," Flag") -> Flag | G7: =IF(A7,IF(D7,MIN('SE4X Production'!$E$32,3),G7),0) -> 0 | H7: =IF(A7,IF(D7,MIN('SE4X Production'!$E$33,3),H7),0) -> 0 | I7: =IF(A7,IF(D7,MIN('SE4X Production'!$E$34,3),I7),0) -> 0 | J7: =IF(A7,IF(D7,MIN('SE4X Production'!$E$35,7),J7),1) -> 1 | K7: =IF(A7,IF(D7,IF(J7>=4,"+",""),K7),"") | L7: Exploration | M7: =IF(A7,IF(D7,MIN('SE4X Production'!$E$40,2),M7),0) -> 0 | N7: =IF(NOT('SE4X Production'!$T$31)," Fast 1",IF(ISTEXT(P27),P27,"")) -> Fast 1 | O7: =IF(A7,IF(D7,IF(NOT('SE4X Production'!$T$31),MIN('SE4X Production'!$E$54,1),1),O7),0) -> 0 | S7: Point Defense
A8: FALSE | D8: FALSE | F8: SC #1 | G8: =IF(A8,IF(D8,MIN('SE4X Production'!$E$32,1),G8),0) -> 0 | H8: =IF(A8,IF(D8,MIN('SE4X Production'!$E$33,1),H8),0) -> 0 | I8: =IF(A8,IF(D8,MIN('SE4X Production'!$E$34,3),I8),0) -> 0 | J8: =IF(A8,IF(D8,MIN('SE4X Production'!$E$35,7),J8),1) -> 1 | K8: =IF(A8,IF(D8,IF(J8>=3,"+",""),K8),"") | L8: Point Defense | M8: =IF(A8,IF(D8,MIN('SE4X Production'!$E$37,3),M8),0) -> 0 | R8: TRUE | S8: Scanners
A9: FALSE | D9: FALSE | F9: SC #2 | G9: =IF(A9,IF(D9,MIN('SE4X Production'!$E$32,1),G9),0) -> 0 | H9: =IF(A9,IF(D9,MIN('SE4X Production'!$E$33,1),H9),0) -> 0 | I9: =IF(A9,IF(D9,MIN('SE4X Production'!$E$34,3),I9),0) -> 0 | J9: =IF(A9,IF(D9,MIN('SE4X Production'!$E$35,7),J9),1) -> 1 | K9: =IF(A9,IF(D9,IF(J9>=3,"+",""),K9),"") | L9: Point Defense | M9: =IF(A9,IF(D9,MIN('SE4X Production'!$E$37,3),M9),0) -> 0 | R9: FALSE | S9: Exploration
A10: FALSE | D10: FALSE | F10: SC #3 | G10: =IF(A10,IF(D10,MIN('SE4X Production'!$E$32,1),G10),0) -> 0 | H10: =IF(A10,IF(D10,MIN('SE4X Production'!$E$33,1),H10),0) -> 0 | I10: =IF(A10,IF(D10,MIN('SE4X Production'!$E$34,3),I10),0) -> 0 | J10: =IF(A10,IF(D10,MIN('SE4X Production'!$E$35,7),J10),1) -> 1 | K10: =IF(A10,IF(D10,IF(J10>=3,"+",""),K10),"") | L10: Point Defense | M10: =IF(A10,IF(D10,MIN('SE4X Production'!$E$37,3),M10),0) -> 0 | R10: FALSE | S10: Fast 1
A11: FALSE | D11: FALSE | F11: SC #4 | G11: =IF(A11,IF(D11,MIN('SE4X Production'!$E$32,1),G11),0) -> 0 | H11: =IF(A11,IF(D11,MIN('SE4X Production'!$E$33,1),H11),0) -> 0 | I11: =IF(A11,IF(D11,MIN('SE4X Production'!$E$34,3),I11),0) -> 0 | J11: =IF(A11,IF(D11,MIN('SE4X Production'!$E$35,7),J11),1) -> 1 | K11: =IF(A11,IF(D11,IF(J11>=3,"+",""),K11),"") | L11: Point Defense | M11: =IF(A11,IF(D11,MIN('SE4X Production'!$E$37,3),M11),0) -> 0 | R11: FALSE | S11: Mini-Fighter Bay
A12: FALSE | D12: FALSE | F12: SC #5 | G12: =IF(A12,IF(D12,MIN('SE4X Production'!$E$32,1),G12),0) -> 0 | H12: =IF(A12,IF(D12,MIN('SE4X Production'!$E$33,1),H12),0) -> 0 | I12: =IF(A12,IF(D12,MIN('SE4X Production'!$E$34,3),I12),0) -> 0 | J12: =IF(A12,IF(D12,MIN('SE4X Production'!$E$35,7),J12),1) -> 1 | K12: =IF(A12,IF(D12,IF(J12>=3,"+",""),K12),"") | L12: Point Defense | M12: =IF(A12,IF(D12,MIN('SE4X Production'!$E$37,3),M12),0) -> 0 | R12: FALSE | S12: Anti-Sensor Hull
A13: FALSE | D13: FALSE | F13: SC #6 | G13: =IF(A13,IF(D13,MIN('SE4X Production'!$E$32,1),G13),0) -> 0 | H13: =IF(A13,IF(D13,MIN('SE4X Production'!$E$33,1),H13),0) -> 0 | I13: =IF(A13,IF(D13,MIN('SE4X Production'!$E$34,3),I13),0) -> 0 | J13: =IF(A13,IF(D13,MIN('SE4X Production'!$E$35,7),J13),1) -> 1 | K13: =IF(A13,IF(D13,IF(J13>=3,"+",""),K13),"") | L13: Point Defense | M13: =IF(A13,IF(D13,MIN('SE4X Production'!$E$37,3),M13),0) -> 0 | R13: FALSE | S13: Shield Projector
A14: FALSE | D14: FALSE | F14: SCX #7 | G14: =IF(A14,IF(D14,MIN('SE4X Production'!$E$32,1),G14),0) -> 0 | H14: =IF(A14,IF(D14,MIN('SE4X Production'!$E$33,1),H14),0) -> 0 | I14: =IF(A14,IF(D14,MIN('SE4X Production'!$E$34,3),I14),0) -> 0 | J14: =IF(A14,IF(D14,MIN('SE4X Production'!$E$35+3,7),J14),1) -> 1 | K14: =IF(A14,IF(D14,IF(J14>=3,"+",""),K14),"") | L14: Point Defense | M14: =IF(A14,IF(D14,MIN('SE4X Production'!$E$37,3),M14),0) -> 0 | R14: FALSE | S14: Design Weakness
A15: FALSE | D15: FALSE | F15: DD #1 | G15: =IF(A15,IF(D15,IF('SE4X Production'!$E$47<1,MIN('SE4X Production'!$E$32,1),MIN('SE4X Production'!$E$32,2)),G15),0) -> 0 | H15: =IF(A15,IF(D15,IF('SE4X Production'!$E$47<1,MIN('SE4X Production'!$E$33,1),MIN('SE4X Production'!$E$33,2)),H15),0) -> 0 | I15: =IF(A15,IF(D15,MIN('SE4X Production'!$E$34,3),I15),0) -> 0 | J15: =IF(A15,IF(D15,MIN('SE4X Production'!$E$35,7),J15),1) -> 1 | K15: =IF(A15,IF(D15,IF(J15>=3,"+",""),K15),"") | L15: Scanners | M15: =IF(A15,IF(D15,MIN('SE4X Production'!$E$42,2),M15),0) -> 0 | N15: =IF(A15,IF(D15,IF('SE4X Production'!$E$47>=1," Fast 2",""),N15),"") | O15: =IF(A15,IF(D15,IF('SE4X Production'!$E$47>=1,IF('SE4X Production'!$E$54>=2,2,0),""),O15),"") | P15: =IF(A15,IF(D15,IF('SE4X Production'!$E$47>=1,"Heavy Wayheads",""),P15),"") | R15: FALSE | S15: Construction Bay
A16: FALSE | D16: FALSE | F16: DD #2 | G16: =IF(A16,IF(D16,IF('SE4X Production'!$E$47<1,MIN('SE4X Production'!$E$32,1),MIN('SE4X Production'!$E$32,2)),G16),0) -> 0 | H16: =IF(A16,IF(D16,IF('SE4X Production'!$E$47<1,MIN('SE4X Production'!$E$33,1),MIN('SE4X Production'!$E$33,2)),H16),0) -> 0 | I16: =IF(A16,IF(D16,MIN('SE4X Production'!$E$34,3),I16),0) -> 0 | J16: =IF(A16,IF(D16,MIN('SE4X Production'!$E$35,7),J16),1) -> 1 | K16: =IF(A16,IF(D16,IF(J16>=3,"+",""),K16),"") | L16: Scanners | M16: =IF(A16,IF(D16,MIN('SE4X Production'!$E$42,2),M16),0) -> 0 | N16: =IF(A16,IF(D16,IF('SE4X Production'!$E$47>=1," Fast 2",""),N16),"") | O16: =IF(A16,IF(D16,IF('SE4X Production'!$E$47>=1,IF('SE4X Production'!$E$54>=2,2,0),""),O16),"") | P16: =IF(A16,IF(D16,IF('SE4X Production'!$E$47>=1,"Heavy Wayheads",""),P16),"") | R16: FALSE | S16: Tractor Beam
A17: FALSE | D17: FALSE | F17: DD #3 | G17: =IF(A17,IF(D17,IF('SE4X Production'!$E$47<1,MIN('SE4X Production'!$E$32,1),MIN('SE4X Production'!$E$32,2)),G17),0) -> 0 | H17: =IF(A17,IF(D17,IF('SE4X Production'!$E$47<1,MIN('SE4X Production'!$E$33,1),MIN('SE4X Production'!$E$33,2)),H17),0) -> 0 | I17: =IF(A17,IF(D17,MIN('SE4X Production'!$E$34,3),I17),0) -> 0 | J17: =IF(A17,IF(D17,MIN('SE4X Production'!$E$35,7),J17),1) -> 1 | K17: =IF(A17,IF(D17,IF(J17>=3,"+",""),K17),"") | L17: Scanners | M17: =IF(A17,IF(D17,MIN('SE4X Production'!$E$42,2),M17),0) -> 0 | N17: =IF(A17,IF(D17,IF('SE4X Production'!$E$47>=1," Fast 2",""),N17),"") | O17: =IF(A17,IF(D17,IF('SE4X Production'!$E$47>=1,IF('SE4X Production'!$E$54>=2,2,0),""),O17),"") | P17: =IF(A17,IF(D17,IF('SE4X Production'!$E$47>=1,"Heavy Wayheads",""),P17),"") | R17: FALSE | S17: Warp Gates
A18: FALSE | D18: FALSE | F18: DD #4 | G18: =IF(A18,IF(D18,IF('SE4X Production'!$E$47<1,MIN('SE4X Production'!$E$32,1),MIN('SE4X Production'!$E$32,2)),G18),0) -> 0 | H18: =IF(A18,IF(D18,IF('SE4X Production'!$E$47<1,MIN('SE4X Production'!$E$33,1),MIN('SE4X Production'!$E$33,2)),H18),0) -> 0 | I18: =IF(A18,IF(D18,MIN('SE4X Production'!$E$34,3),I18),0) -> 0 | J18: =IF(A18,IF(D18,MIN('SE4X Production'!$E$35,7),J18),1) -> 1 | K18: =IF(A18,IF(D18,IF(J18>=3,"+",""),K18),"") | L18: Scanners | M18: =IF(A18,IF(D18,MIN('SE4X Production'!$E$42,2),M18),0) -> 0 | N18: =IF(A18,IF(D18,IF('SE4X Production'!$E$47>=1," Fast 2",""),N18),"") | O18: =IF(A18,IF(D18,IF('SE4X Production'!$E$47>=1,IF('SE4X Production'!$E$54>=2,2,0),""),O18),"") | P18: =IF(A18,IF(D18,IF('SE4X Production'!$E$47>=1,"Heavy Wayheads",""),P18),"") | R18: FALSE | S18: Second Salvo
A19: FALSE | D19: FALSE | F19: DD #5 | G19: =IF(A19,IF(D19,IF('SE4X Production'!$E$47<1,MIN('SE4X Production'!$E$32,1),MIN('SE4X Production'!$E$32,2)),G19),0) -> 0 | H19: =IF(A19,IF(D19,IF('SE4X Production'!$E$47<1,MIN('SE4X Production'!$E$33,1),MIN('SE4X Production'!$E$33,2)),H19),0) -> 0 | I19: =IF(A19,IF(D19,MIN('SE4X Production'!$E$34,3),I19),0) -> 0 | J19: =IF(A19,IF(D19,MIN('SE4X Production'!$E$35,7),J19),1) -> 1 | K19: =IF(A19,IF(D19,IF(J19>=3,"+",""),K19),"") | L19: Scanners | M19: =IF(A19,IF(D19,MIN('SE4X Production'!$E$42,2),M19),0) -> 0 | N19: =IF(A19,IF(D19,IF('SE4X Production'!$E$47>=1," Fast 2",""),N19),"") | O19: =IF(A19,IF(D19,IF('SE4X Production'!$E$47>=1,IF('SE4X Production'!$E$54>=2,2,0),""),O19),"") | P19: =IF(A19,IF(D19,IF('SE4X Production'!$E$47>=1,"Heavy Wayheads",""),P19),"") | R19: FALSE | S19: Heavy Warheads
A20: FALSE | D20: FALSE | F20: DD #6 | G20: =IF(A20,IF(D20,IF('SE4X Production'!$E$47<1,MIN('SE4X Production'!$E$32,1),MIN('SE4X Production'!$E$32,2)),G20),0) -> 0 | H20: =IF(A20,IF(D20,IF('SE4X Production'!$E$47<1,MIN('SE4X Production'!$E$33,1),MIN('SE4X Production'!$E$33,2)),H20),0) -> 0 | I20: =IF(A20,IF(D20,MIN('SE4X Production'!$E$34,3),I20),0) -> 0 | J20: =IF(A20,IF(D20,MIN('SE4X Production'!$E$35,7),J20),1) -> 1 | K20: =IF(A20,IF(D20,IF(J20>=3,"+",""),K20),"") | L20: Scanners | M20: =IF(A20,IF(D20,MIN('SE4X Production'!$E$42,2),M20),0) -> 0 | N20: =IF(A20,IF(D20,IF('SE4X Production'!$E$47>=1," Fast 2",""),N20),"") | O20: =IF(A20,IF(D20,IF('SE4X Production'!$E$47>=1,IF('SE4X Production'!$E$54>=2,2,0),""),O20),"") | P20: =IF(A20,IF(D20,IF('SE4X Production'!$E$47>=1,"Heavy Wayheads",""),P20),"") | R20: FALSE
A21: FALSE | D21: FALSE | F21: CA #1 | G21: =IF(A21,IF(D21,MIN('SE4X Production'!$E$32,2),G21),0) -> 0 | H21: =IF(A21,IF(D21,MIN('SE4X Production'!$E$33,2),H21),0) -> 0 | I21: =IF(A21,IF(D21,MIN('SE4X Production'!$E$34,3),I21),0) -> 0 | J21: =IF(A21,IF(D21,MIN('SE4X Production'!$E$35,7),J21),1) -> 1 | K21: =IF(A21,IF(D21,IF(J21>=3,"+",""),K21),"") | L21: Exploration | M21: =IF(A21,IF(D21,MIN('SE4X Production'!$E$40,2),M21),0) -> 0 | N21: Jammer | O21: =IF(A21,IF(D21,MIN('SE4X Production'!$E$53,2),O21),0) -> 0 | R21: FALSE
A22: FALSE | D22: FALSE | F22: CA #2 | G22: =IF(A22,IF(D22,MIN('SE4X Production'!$E$32,2),G22),0) -> 0 | H22: =IF(A22,IF(D22,MIN('SE4X Production'!$E$33,2),H22),0) -> 0 | I22: =IF(A22,IF(D22,MIN('SE4X Production'!$E$34,3),I22),0) -> 0 | J22: =IF(A22,IF(D22,MIN('SE4X Production'!$E$35,7),J22),1) -> 1 | K22: =IF(A22,IF(D22,IF(J22>=3,"+",""),K22),"") | L22: Exploration | M22: =IF(A22,IF(D22,MIN('SE4X Production'!$E$40,2),M22),0) -> 0 | N22: Jammer | O22: =IF(A22,IF(D22,MIN('SE4X Production'!$E$53,2),O22),0) -> 0 | R22: FALSE
A23: FALSE | D23: FALSE | F23: CA #3 | G23: =IF(A23,IF(D23,MIN('SE4X Production'!$E$32,2),G23),0) -> 0 | H23: =IF(A23,IF(D23,MIN('SE4X Production'!$E$33,2),H23),0) -> 0 | I23: =IF(A23,IF(D23,MIN('SE4X Production'!$E$34,3),I23),0) -> 0 | J23: =IF(A23,IF(D23,MIN('SE4X Production'!$E$35,7),J23),1) -> 1 | K23: =IF(A23,IF(D23,IF(J23>=3,"+",""),K23),"") | L23: Exploration | M23: =IF(A23,IF(D23,MIN('SE4X Production'!$E$40,2),M23),0) -> 0 | N23: Jammer | O23: =IF(A23,IF(D23,MIN('SE4X Production'!$E$53,2),O23),0) -> 0 | R23: FALSE
A24: FALSE | D24: FALSE | F24: CA #4 | G24: =IF(A24,IF(D24,MIN('SE4X Production'!$E$32,2),G24),0) -> 0 | H24: =IF(A24,IF(D24,MIN('SE4X Production'!$E$33,2),H24),0) -> 0 | I24: =IF(A24,IF(D24,MIN('SE4X Production'!$E$34,3),I24),0) -> 0 | J24: =IF(A24,IF(D24,MIN('SE4X Production'!$E$35,7),J24),1) -> 1 | K24: =IF(A24,IF(D24,IF(J24>=3,"+",""),K24),"") | L24: Exploration | M24: =IF(A24,IF(D24,MIN('SE4X Production'!$E$40,2),M24),0) -> 0 | N24: Jammer | O24: =IF(A24,IF(D24,MIN('SE4X Production'!$E$53,2),O24),0) -> 0 | R24: FALSE
A25: FALSE | D25: FALSE | F25: CA #5 | G25: =IF(A25,IF(D25,MIN('SE4X Production'!$E$32,2),G25),0) -> 0 | H25: =IF(A25,IF(D25,MIN('SE4X Production'!$E$33,2),H25),0) -> 0 | I25: =IF(A25,IF(D25,MIN('SE4X Production'!$E$34,3),I25),0) -> 0 | J25: =IF(A25,IF(D25,MIN('SE4X Production'!$E$35,7),J25),1) -> 1 | K25: =IF(A25,IF(D25,IF(J25>=3,"+",""),K25),"") | L25: Exploration | M25: =IF(A25,IF(D25,MIN('SE4X Production'!$E$40,2),M25),0) -> 0 | N25: Jammer | O25: =IF(A25,IF(D25,MIN('SE4X Production'!$E$53,2),O25),0) -> 0 | R25: FALSE
A26: FALSE | D26: FALSE | F26: CA #6 | G26: =IF(A26,IF(D26,MIN('SE4X Production'!$E$32,2),G26),0) -> 0 | H26: =IF(A26,IF(D26,MIN('SE4X Production'!$E$33,2),H26),0) -> 0 | I26: =IF(A26,IF(D26,MIN('SE4X Production'!$E$34,3),I26),0) -> 0 | J26: =IF(A26,IF(D26,MIN('SE4X Production'!$E$35,7),J26),1) -> 1 | K26: =IF(A26,IF(D26,IF(J26>=3,"+",""),K26),"") | L26: Exploration | M26: =IF(A26,IF(D26,MIN('SE4X Production'!$E$40,2),M26),0) -> 0 | N26: Jammer | O26: =IF(A26,IF(D26,MIN('SE4X Production'!$E$53,2),O26),0) -> 0 | R26: FALSE
A27: FALSE | D27: FALSE | F27: BC #1 | G27: =IF(A27,IF(D27,MIN('SE4X Production'!$E$32,2),G27),0) -> 0 | H27: =IF(A27,IF(D27,MIN('SE4X Production'!$E$33,2),H27),0) -> 0 | I27: =IF(A27,IF(D27,MIN('SE4X Production'!$E$34,3),I27),0) -> 0 | J27: =IF(A27,IF(D27,MIN('SE4X Production'!$E$35,7),J27),1) -> 1 | K27: =IF(A27,IF(D27,IF(J27>=4,"+",""),K27),"") | L27: Fast 1 | M27: =IF(A27,IF(D27,MIN('SE4X Production'!$E$54,1),M27),0) -> 0 | R27: FALSE | S27: Fast 1
A28: FALSE | D28: FALSE | F28: BC #2 | G28: =IF(A28,IF(D28,MIN('SE4X Production'!$E$32,2),G28),0) -> 0 | H28: =IF(A28,IF(D28,MIN('SE4X Production'!$E$33,2),H28),0) -> 0 | I28: =IF(A28,IF(D28,MIN('SE4X Production'!$E$34,3),I28),0) -> 0 | J28: =IF(A28,IF(D28,MIN('SE4X Production'!$E$35,7),J28),1) -> 1 | K28: =IF(A28,IF(D28,IF(J28>=4,"+",""),K28),"") | L28: Fast 1 | M28: =IF(A28,IF(D28,MIN('SE4X Production'!$E$54,1),M28),0) -> 0 | R28: FALSE | S28: Space Pilgrim
A29: FALSE | D29: FALSE | F29: BC #3 | G29: =IF(A29,IF(D29,MIN('SE4X Production'!$E$32,2),G29),0) -> 0 | H29: =IF(A29,IF(D29,MIN('SE4X Production'!$E$33,2),H29),0) -> 0 | I29: =IF(A29,IF(D29,MIN('SE4X Production'!$E$34,3),I29),0) -> 0 | J29: =IF(A29,IF(D29,MIN('SE4X Production'!$E$35,7),J29),1) -> 1 | K29: =IF(A29,IF(D29,IF(J29>=4,"+",""),K29),"") | L29: Fast 1 | M29: =IF(A29,IF(D29,MIN('SE4X Production'!$E$54,1),M29),0) -> 0 | R29: FALSE | S29: Second Salvo
A30: FALSE | D30: FALSE | F30: BC #4 | G30: =IF(A30,IF(D30,MIN('SE4X Production'!$E$32,2),G30),0) -> 0 | H30: =IF(A30,IF(D30,MIN('SE4X Production'!$E$33,2),H30),0) -> 0 | I30: =IF(A30,IF(D30,MIN('SE4X Production'!$E$34,3),I30),0) -> 0 | J30: =IF(A30,IF(D30,MIN('SE4X Production'!$E$35,7),J30),1) -> 1 | K30: =IF(A30,IF(D30,IF(J30>=4,"+",""),K30),"") | L30: Fast 1 | M30: =IF(A30,IF(D30,MIN('SE4X Production'!$E$54,1),M30),0) -> 0 | R30: FALSE | S30: Anti-Sensor Hull
A31: FALSE | D31: FALSE | F31: BC #5 | G31: =IF(A31,IF(D31,MIN('SE4X Production'!$E$32,2),G31),0) -> 0 | H31: =IF(A31,IF(D31,MIN('SE4X Production'!$E$33,2),H31),0) -> 0 | I31: =IF(A31,IF(D31,MIN('SE4X Production'!$E$34,3),I31),0) -> 0 | J31: =IF(A31,IF(D31,MIN('SE4X Production'!$E$35,7),J31),1) -> 1 | K31: =IF(A31,IF(D31,IF(J31>=4,"+",""),K31),"") | L31: Fast 1 | M31: =IF(A31,IF(D31,MIN('SE4X Production'!$E$54,1),M31),0) -> 0 | R31: FALSE | S31: +1 Att vs. HS >=2
A32: FALSE | D32: FALSE | F32: BC #6 | G32: =IF(A32,IF(D32,MIN('SE4X Production'!$E$32,2),G32),0) -> 0 | H32: =IF(A32,IF(D32,MIN('SE4X Production'!$E$33,2),H32),0) -> 0 | I32: =IF(A32,IF(D32,MIN('SE4X Production'!$E$34,3),I32),0) -> 0 | J32: =IF(A32,IF(D32,MIN('SE4X Production'!$E$35,7),J32),1) -> 1 | K32: =IF(A32,IF(D32,IF(J32>=4,"+",""),K32),"") | L32: Fast 1 | M32: =IF(A32,IF(D32,MIN('SE4X Production'!$E$54,1),M32),0) -> 0 | R32: FALSE | S32: +1 Att vs. HS <=1
A33: FALSE | D33: FALSE | F33: BB #1 | G33: =IF(A33,IF(D33,MIN('SE4X Production'!$E$32,3),G33),0) -> 0 | H33: =IF(A33,IF(D33,MIN('SE4X Production'!$E$33,3),H33),0) -> 0 | I33: =IF(A33,IF(D33,MIN('SE4X Production'!$E$34,3),I33),0) -> 0 | J33: =IF(A33,IF(D33,MIN('SE4X Production'!$E$35,7),J33),1) -> 1 | K33: =IF(A33,IF(D33,IF(J33>=5,"+",""),K33),"") | L33: =IF(A33,IF(D33,IF('SE4X Production'!$E$47>=1," Tractor Beam",""),L33),"") | M33: =IF(A33,IF(D33,IF('SE4X Production'!$E$47>=1,'SE4X Production'!$E$55,""),M33),"") | R33: FALSE | S33: +1 Def vs. HS >=2
A34: FALSE | D34: FALSE | F34: BB #2 | G34: =IF(A34,IF(D34,MIN('SE4X Production'!$E$32,3),G34),0) -> 0 | H34: =IF(A34,IF(D34,MIN('SE4X Production'!$E$33,3),H34),0) -> 0 | I34: =IF(A34,IF(D34,MIN('SE4X Production'!$E$34,3),I34),0) -> 0 | J34: =IF(A34,IF(D34,MIN('SE4X Production'!$E$35,7),J34),1) -> 1 | K34: =IF(A34,IF(D34,IF(J34>=5,"+",""),K34),"") | L34: =IF(A34,IF(D34,IF('SE4X Production'!$E$47>=1," Tractor Beam",""),L34),"") | M34: =IF(A34,IF(D34,IF('SE4X Production'!$E$47>=1,'SE4X Production'!$E$55,""),M34),"") | R34: FALSE | S34: +1 Def vs. HS <=1
A35: FALSE | D35: FALSE | F35: BB #3 | G35: =IF(A35,IF(D35,MIN('SE4X Production'!$E$32,3),G35),0) -> 0 | H35: =IF(A35,IF(D35,MIN('SE4X Production'!$E$33,3),H35),0) -> 0 | I35: =IF(A35,IF(D35,MIN('SE4X Production'!$E$34,3),I35),0) -> 0 | J35: =IF(A35,IF(D35,MIN('SE4X Production'!$E$35,7),J35),1) -> 1 | K35: =IF(A35,IF(D35,IF(J35>=5,"+",""),K35),"") | L35: =IF(A35,IF(D35,IF('SE4X Production'!$E$47>=1," Tractor Beam",""),L35),"") | M35: =IF(A35,IF(D35,IF('SE4X Production'!$E$47>=1,'SE4X Production'!$E$55,""),M35),"") | S35: Tractor Beam
A36: FALSE | D36: FALSE | F36: BB #4 | G36: =IF(A36,IF(D36,MIN('SE4X Production'!$E$32,3),G36),0) -> 0 | H36: =IF(A36,IF(D36,MIN('SE4X Production'!$E$33,3),H36),0) -> 0 | I36: =IF(A36,IF(D36,MIN('SE4X Production'!$E$34,3),I36),0) -> 0 | J36: =IF(A36,IF(D36,MIN('SE4X Production'!$E$35,7),J36),1) -> 1 | K36: =IF(A36,IF(D36,IF(J36>=5,"+",""),K36),"") | L36: =IF(A36,IF(D36,IF('SE4X Production'!$E$47>=1," Tractor Beam",""),L36),"") | M36: =IF(A36,IF(D36,IF('SE4X Production'!$E$47>=1,'SE4X Production'!$E$55,""),M36),"") | S36: Shield Projector
A37: FALSE | D37: FALSE | F37: BB #5 | G37: =IF(A37,IF(D37,MIN('SE4X Production'!$E$32,3),G37),0) -> 0 | H37: =IF(A37,IF(D37,MIN('SE4X Production'!$E$33,3),H37),0) -> 0 | I37: =IF(A37,IF(D37,MIN('SE4X Production'!$E$34,3),I37),0) -> 0 | J37: =IF(A37,IF(D37,MIN('SE4X Production'!$E$35,7),J37),1) -> 1 | K37: =IF(A37,IF(D37,IF(J37>=5,"+",""),K37),"") | L37: =IF(A37,IF(D37,IF('SE4X Production'!$E$47>=1," Tractor Beam",""),L37),"") | M37: =IF(A37,IF(D37,IF('SE4X Production'!$E$47>=1,'SE4X Production'!$E$55,""),M37),"") | S37: Advanced Munitions
A38: FALSE | D38: FALSE | F38: BB #6 | G38: =IF(A38,IF(D38,MIN('SE4X Production'!$E$32,3),G38),0) -> 0 | H38: =IF(A38,IF(D38,MIN('SE4X Production'!$E$33,3),H38),0) -> 0 | I38: =IF(A38,IF(D38,MIN('SE4X Production'!$E$34,3),I38),0) -> 0 | J38: =IF(A38,IF(D38,MIN('SE4X Production'!$E$35,7),J38),1) -> 1 | K38: =IF(A38,IF(D38,IF(J38>=5,"+",""),K38),"") | L38: =IF(A38,IF(D38,IF('SE4X Production'!$E$47>=1," Tractor Beam",""),L38),"") | M38: =IF(A38,IF(D38,IF('SE4X Production'!$E$47>=1,'SE4X Production'!$E$55,""),M38),"") | S38: Construction Efficiency
A39: FALSE | D39: FALSE | F39: DN #1 | G39: =IF(A39,IF(D39,MIN('SE4X Production'!$E$32,3),G39),0) -> 0 | H39: =IF(A39,IF(D39,MIN('SE4X Production'!$E$33,3),H39),0) -> 0 | I39: =IF(A39,IF(D39,MIN('SE4X Production'!$E$34,3),I39),0) -> 0 | J39: =IF(A39,IF(D39,MIN('SE4X Production'!$E$35,7),J39),1) -> 1 | K39: =IF(A39,IF(D39,IF(J39>=6,"+",""),K39),"") | L39: =IF(A39,IF(D39,IF('SE4X Production'!$E$47>=1," Shield Projector",""),L39),"") | M39: =IF(A39,IF(D39,IF('SE4X Production'!$E$47>=1,'SE4X Production'!$E$56,""),M39),"")
A40: FALSE | D40: FALSE | F40: DN #2 | G40: =IF(A40,IF(D40,MIN('SE4X Production'!$E$32,3),G40),0) -> 0 | H40: =IF(A40,IF(D40,MIN('SE4X Production'!$E$33,3),H40),0) -> 0 | I40: =IF(A40,IF(D40,MIN('SE4X Production'!$E$34,3),I40),0) -> 0 | J40: =IF(A40,IF(D40,MIN('SE4X Production'!$E$35,7),J40),1) -> 1 | K40: =IF(A40,IF(D40,IF(J40>=6,"+",""),K40),"") | L40: =IF(A40,IF(D40,IF('SE4X Production'!$E$47>=1," Shield Projector",""),L40),"") | M40: =IF(A40,IF(D40,IF('SE4X Production'!$E$47>=1,'SE4X Production'!$E$56,""),M40),"")
A41: FALSE | D41: FALSE | F41: DN #3 | G41: =IF(A41,IF(D41,MIN('SE4X Production'!$E$32,3),G41),0) -> 0 | H41: =IF(A41,IF(D41,MIN('SE4X Production'!$E$33,3),H41),0) -> 0 | I41: =IF(A41,IF(D41,MIN('SE4X Production'!$E$34,3),I41),0) -> 0 | J41: =IF(A41,IF(D41,MIN('SE4X Production'!$E$35,7),J41),1) -> 1 | K41: =IF(A41,IF(D41,IF(J41>=6,"+",""),K41),"") | L41: =IF(A41,IF(D41,IF('SE4X Production'!$E$47>=1," Shield Projector",""),L41),"") | M41: =IF(A41,IF(D41,IF('SE4X Production'!$E$47>=1,'SE4X Production'!$E$56,""),M41),"")
A42: FALSE | D42: FALSE | F42: DN #4 | G42: =IF(A42,IF(D42,MIN('SE4X Production'!$E$32,3),G42),0) -> 0 | H42: =IF(A42,IF(D42,MIN('SE4X Production'!$E$33,3),H42),0) -> 0 | I42: =IF(A42,IF(D42,MIN('SE4X Production'!$E$34,3),I42),0) -> 0 | J42: =IF(A42,IF(D42,MIN('SE4X Production'!$E$35,7),J42),1) -> 1 | K42: =IF(A42,IF(D42,IF(J42>=6,"+",""),K42),"") | L42: =IF(A42,IF(D42,IF('SE4X Production'!$E$47>=1," Shield Projector",""),L42),"") | M42: =IF(A42,IF(D42,IF('SE4X Production'!$E$47>=1,'SE4X Production'!$E$56,""),M42),"")
A43: FALSE | D43: FALSE | F43: DN #5 | G43: =IF(A43,IF(D43,MIN('SE4X Production'!$E$32,3),G43),0) -> 0 | H43: =IF(A43,IF(D43,MIN('SE4X Production'!$E$33,3),H43),0) -> 0 | I43: =IF(A43,IF(D43,MIN('SE4X Production'!$E$34,3),I43),0) -> 0 | J43: =IF(A43,IF(D43,MIN('SE4X Production'!$E$35,7),J43),1) -> 1 | K43: =IF(A43,IF(D43,IF(J43>=6,"+",""),K43),"") | L43: =IF(A43,IF(D43,IF('SE4X Production'!$E$47>=1," Shield Projector",""),L43),"") | M43: =IF(A43,IF(D43,IF('SE4X Production'!$E$47>=1,'SE4X Production'!$E$56,""),M43),"")
A44: FALSE | D44: FALSE | F44: TN #1 | G44: =IF(A44,IF(D44,MIN('SE4X Production'!$E$32,4),G44),0) -> 0 | H44: =IF(A44,IF(D44,MIN('SE4X Production'!$E$33,3),H44),0) -> 0 | I44: =IF(A44,IF(D44,MIN('SE4X Production'!$E$34,3),I44),0) -> 0 | J44: =IF(A44,IF(D44,MIN('SE4X Production'!$E$35,7),J44),1) -> 1 | L44: Fighters | M44: =IF(A44,IF(D44,MIN('SE4X Production'!$E$36,4),M44),0) -> 0
A45: FALSE | D45: FALSE | F45: TN #2 | G45: =IF(A45,IF(D45,MIN('SE4X Production'!$E$32,4),G45),0) -> 0 | H45: =IF(A45,IF(D45,MIN('SE4X Production'!$E$33,3),H45),0) -> 0 | I45: =IF(A45,IF(D45,MIN('SE4X Production'!$E$34,3),I45),0) -> 0 | J45: =IF(A45,IF(D45,MIN('SE4X Production'!$E$35,7),J45),1) -> 1 | L45: Fighters | M45: =IF(A45,IF(D45,MIN('SE4X Production'!$E$36,4),M45),0) -> 0
A46: FALSE | D46: FALSE | F46: TN #3 | G46: =IF(A46,IF(D46,MIN('SE4X Production'!$E$32,4),G46),0) -> 0 | H46: =IF(A46,IF(D46,MIN('SE4X Production'!$E$33,3),H46),0) -> 0 | I46: =IF(A46,IF(D46,MIN('SE4X Production'!$E$34,3),I46),0) -> 0 | J46: =IF(A46,IF(D46,MIN('SE4X Production'!$E$35,7),J46),1) -> 1 | L46: Fighters | M46: =IF(A46,IF(D46,MIN('SE4X Production'!$E$36,4),M46),0) -> 0
A47: FALSE | D47: FALSE | F47: TN #4 | G47: =IF(A47,IF(D47,MIN('SE4X Production'!$E$32,4),G47),0) -> 0 | H47: =IF(A47,IF(D47,MIN('SE4X Production'!$E$33,3),H47),0) -> 0 | I47: =IF(A47,IF(D47,MIN('SE4X Production'!$E$34,3),I47),0) -> 0 | J47: =IF(A47,IF(D47,MIN('SE4X Production'!$E$35,7),J47),1) -> 1 | L47: Fighters | M47: =IF(A47,IF(D47,MIN('SE4X Production'!$E$36,4),M47),0) -> 0
A48: FALSE | D48: FALSE | F48: TN #5 | G48: =IF(A48,IF(D48,MIN('SE4X Production'!$E$32,4),G48),0) -> 0 | H48: =IF(A48,IF(D48,MIN('SE4X Production'!$E$33,3),H48),0) -> 0 | I48: =IF(A48,IF(D48,MIN('SE4X Production'!$E$34,3),I48),0) -> 0 | J48: =IF(A48,IF(D48,MIN('SE4X Production'!$E$35,7),J48),1) -> 1 | L48: Fighters | M48: =IF(A48,IF(D48,MIN('SE4X Production'!$E$36,4),M48),0) -> 0
A49: FALSE | D49: FALSE | F49: R #1 | G49: =IF(A49,IF(D49,IF('SE4X Production'!$E$47<3,MIN('SE4X Production'!$E$32,2),MIN('SE4X Production'!$E$32,3)),G49),0) -> 0 | H49: =IF(A49,IF(D49,IF('SE4X Production'!$E$47<3,MIN('SE4X Production'!$E$33,2),MIN('SE4X Production'!$E$33,3)),H49),0) -> 0 | I49: =IF(A49,IF(D49,MIN('SE4X Production'!$E$34,3),I49),0) -> 0 | J49: =IF(A49,IF(D49,MIN('SE4X Production'!$E$35,7),J49),1) -> 1 | K49: =IF(A49,IF(D49,IF(J49>=3,"+",""),K49),"") | L49: Cloaking | M49: =IF(A49,IF(D49,MIN('SE4X Production'!$E$41,2),M49),0) -> 0 | N49: =IF(A49,IF(D49,IF('SE4X Production'!$E$47>=3," Fast 2",""),N49),"") | O49: =IF(A49,IF(D49,IF('SE4X Production'!$E$47>=3,IF('SE4X Production'!$E$54>=2,2,0),""),O49),"") | R49: =IF(A49,IF(D49,IF('SE4X Production'!$E$47>=3,IF('SE4X Production'!$E$46>=3,"GC 3",""),""),R49),"")
A50: FALSE | D50: FALSE | F50: R #2 | G50: =IF(A50,IF(D50,IF('SE4X Production'!$E$47<3,MIN('SE4X Production'!$E$32,2),MIN('SE4X Production'!$E$32,3)),G50),0) -> 0 | H50: =IF(A50,IF(D50,IF('SE4X Production'!$E$47<3,MIN('SE4X Production'!$E$33,2),MIN('SE4X Production'!$E$33,3)),H50),0) -> 0 | I50: =IF(A50,IF(D50,MIN('SE4X Production'!$E$34,3),I50),0) -> 0 | J50: =IF(A50,IF(D50,MIN('SE4X Production'!$E$35,7),J50),1) -> 1 | K50: =IF(A50,IF(D50,IF(J50>=3,"+",""),K50),"") | L50: Cloaking | M50: =IF(A50,IF(D50,MIN('SE4X Production'!$E$41,2),M50),0) -> 0 | N50: =IF(A50,IF(D50,IF('SE4X Production'!$E$47>=3," Fast 2",""),N50),"") | O50: =IF(A50,IF(D50,IF('SE4X Production'!$E$47>=3,IF('SE4X Production'!$E$54>=2,2,0),""),O50),"")
A51: FALSE | D51: FALSE | F51: R #3 | G51: =IF(A51,IF(D51,IF('SE4X Production'!$E$47<3,MIN('SE4X Production'!$E$32,2),MIN('SE4X Production'!$E$32,3)),G51),0) -> 0 | H51: =IF(A51,IF(D51,IF('SE4X Production'!$E$47<3,MIN('SE4X Production'!$E$33,2),MIN('SE4X Production'!$E$33,3)),H51),0) -> 0 | I51: =IF(A51,IF(D51,MIN('SE4X Production'!$E$34,3),I51),0) -> 0 | J51: =IF(A51,IF(D51,MIN('SE4X Production'!$E$35,7),J51),1) -> 1 | K51: =IF(A51,IF(D51,IF(J51>=3,"+",""),K51),"") | L51: Cloaking | M51: =IF(A51,IF(D51,MIN('SE4X Production'!$E$41,2),M51),0) -> 0 | N51: =IF(A51,IF(D51,IF('SE4X Production'!$E$47>=3," Fast 2",""),N51),"") | O51: =IF(A51,IF(D51,IF('SE4X Production'!$E$47>=3,IF('SE4X Production'!$E$54>=2,2,0),""),O51),"")
A52: FALSE | D52: FALSE | F52: R #4 | G52: =IF(A52,IF(D52,IF('SE4X Production'!$E$47<3,MIN('SE4X Production'!$E$32,2),MIN('SE4X Production'!$E$32,3)),G52),0) -> 0 | H52: =IF(A52,IF(D52,IF('SE4X Production'!$E$47<3,MIN('SE4X Production'!$E$33,2),MIN('SE4X Production'!$E$33,3)),H52),0) -> 0 | I52: =IF(A52,IF(D52,MIN('SE4X Production'!$E$34,3),I52),0) -> 0 | J52: =IF(A52,IF(D52,MIN('SE4X Production'!$E$35,7),J52),1) -> 1 | K52: =IF(A52,IF(D52,IF(J52>=3,"+",""),K52),"") | L52: Cloaking | M52: =IF(A52,IF(D52,MIN('SE4X Production'!$E$41,2),M52),0) -> 0 | N52: =IF(A52,IF(D52,IF('SE4X Production'!$E$47>=3," Fast 2",""),N52),"") | O52: =IF(A52,IF(D52,IF('SE4X Production'!$E$47>=3,IF('SE4X Production'!$E$54>=2,2,0),""),O52),"")
A53: FALSE | D53: FALSE | F53: R #5 | G53: =IF(A53,IF(D53,IF('SE4X Production'!$E$47<3,MIN('SE4X Production'!$E$32,2),MIN('SE4X Production'!$E$32,3)),G53),0) -> 0 | H53: =IF(A53,IF(D53,IF('SE4X Production'!$E$47<3,MIN('SE4X Production'!$E$33,2),MIN('SE4X Production'!$E$33,3)),H53),0) -> 0 | I53: =IF(A53,IF(D53,MIN('SE4X Production'!$E$34,3),I53),0) -> 0 | J53: =IF(A53,IF(D53,MIN('SE4X Production'!$E$35,7),J53),1) -> 1 | K53: =IF(A53,IF(D53,IF(J53>=3,"+",""),K53),"") | L53: Cloaking | M53: =IF(A53,IF(D53,MIN('SE4X Production'!$E$41,2),M53),0) -> 0 | N53: =IF(A53,IF(D53,IF('SE4X Production'!$E$47>=3," Fast 2",""),N53),"") | O53: =IF(A53,IF(D53,IF('SE4X Production'!$E$47>=3,IF('SE4X Production'!$E$54>=2,2,0),""),O53),"")
A54: FALSE | D54: FALSE | F54: R #6 | G54: =IF(A54,IF(D54,IF('SE4X Production'!$E$47<3,MIN('SE4X Production'!$E$32,2),MIN('SE4X Production'!$E$32,3)),G54),0) -> 0 | H54: =IF(A54,IF(D54,IF('SE4X Production'!$E$47<3,MIN('SE4X Production'!$E$33,2),MIN('SE4X Production'!$E$33,3)),H54),0) -> 0 | I54: =IF(A54,IF(D54,MIN('SE4X Production'!$E$34,3),I54),0) -> 0 | J54: =IF(A54,IF(D54,MIN('SE4X Production'!$E$35,7),J54),1) -> 1 | K54: =IF(A54,IF(D54,IF(J54>=3,"+",""),K54),"") | L54: Cloaking | M54: =IF(A54,IF(D54,MIN('SE4X Production'!$E$41,2),M54),0) -> 0 | N54: =IF(A54,IF(D54,IF('SE4X Production'!$E$47>=3," Fast 2",""),N54),"") | O54: =IF(A54,IF(D54,IF('SE4X Production'!$E$47>=3,IF('SE4X Production'!$E$54>=2,2,0),""),O54),"")
A55: FALSE | D55: FALSE | F55: F #1 | G55: =IF(A55,IF(D55,MIN('SE4X Production'!$E$32,1),G55),0) -> 0 | H55: =IF(A55,IF(D55,MIN('SE4X Production'!$E$33,1),H55),0) -> 0 | I55: =IF(A55,IF(D55,MIN('SE4X Production'!$E$34,3),I55),0) -> 0 | L55: Fighters | M55: =IF(A55,IF(D55,MIN('SE4X Production'!$E$36,4),M55),0) -> 0
A56: FALSE | D56: FALSE | F56: F #2 | G56: =IF(A56,IF(D56,MIN('SE4X Production'!$E$32,1),G56),0) -> 0 | H56: =IF(A56,IF(D56,MIN('SE4X Production'!$E$33,1),H56),0) -> 0 | I56: =IF(A56,IF(D56,MIN('SE4X Production'!$E$34,3),I56),0) -> 0 | L56: Fighters | M56: =IF(A56,IF(D56,MIN('SE4X Production'!$E$36,4),M56),0) -> 0
A57: FALSE | D57: FALSE | F57: F #3 | G57: =IF(A57,IF(D57,MIN('SE4X Production'!$E$32,1),G57),0) -> 0 | H57: =IF(A57,IF(D57,MIN('SE4X Production'!$E$33,1),H57),0) -> 0 | I57: =IF(A57,IF(D57,MIN('SE4X Production'!$E$34,3),I57),0) -> 0 | L57: Fighters | M57: =IF(A57,IF(D57,MIN('SE4X Production'!$E$36,4),M57),0) -> 0
A58: FALSE | D58: FALSE | F58: F #4 | G58: =IF(A58,IF(D58,MIN('SE4X Production'!$E$32,1),G58),0) -> 0 | H58: =IF(A58,IF(D58,MIN('SE4X Production'!$E$33,1),H58),0) -> 0 | I58: =IF(A58,IF(D58,MIN('SE4X Production'!$E$34,3),I58),0) -> 0 | L58: Fighters | M58: =IF(A58,IF(D58,MIN('SE4X Production'!$E$36,4),M58),0) -> 0
A59: FALSE | D59: FALSE | F59: F #5 | G59: =IF(A59,IF(D59,MIN('SE4X Production'!$E$32,1),G59),0) -> 0 | H59: =IF(A59,IF(D59,MIN('SE4X Production'!$E$33,1),H59),0) -> 0 | I59: =IF(A59,IF(D59,MIN('SE4X Production'!$E$34,3),I59),0) -> 0 | L59: Fighters | M59: =IF(A59,IF(D59,MIN('SE4X Production'!$E$36,4),M59),0) -> 0
A60: FALSE | D60: FALSE | F60: F #6 | G60: =IF(A60,IF(D60,MIN('SE4X Production'!$E$32,1),G60),0) -> 0 | H60: =IF(A60,IF(D60,MIN('SE4X Production'!$E$33,1),H60),0) -> 0 | I60: =IF(A60,IF(D60,MIN('SE4X Production'!$E$34,3),I60),0) -> 0 | L60: Fighters | M60: =IF(A60,IF(D60,MIN('SE4X Production'!$E$36,4),M60),0) -> 0
A61: FALSE | D61: FALSE | F61: F #7 | G61: =IF(A61,IF(D61,MIN('SE4X Production'!$E$32,1),G61),0) -> 0 | H61: =IF(A61,IF(D61,MIN('SE4X Production'!$E$33,1),H61),0) -> 0 | I61: =IF(A61,IF(D61,MIN('SE4X Production'!$E$34,3),I61),0) -> 0 | L61: Fighters | M61: =IF(A61,IF(D61,MIN('SE4X Production'!$E$36,4),M61),0) -> 0
A62: FALSE | D62: FALSE | F62: F #8 | G62: =IF(A62,IF(D62,MIN('SE4X Production'!$E$32,1),G62),0) -> 0 | H62: =IF(A62,IF(D62,MIN('SE4X Production'!$E$33,1),H62),0) -> 0 | I62: =IF(A62,IF(D62,MIN('SE4X Production'!$E$34,3),I62),0) -> 0 | L62: Fighters | M62: =IF(A62,IF(D62,MIN('SE4X Production'!$E$36,4),M62),0) -> 0
A63: FALSE | D63: FALSE | F63: F #9 | G63: =IF(A63,IF(D63,MIN('SE4X Production'!$E$32,1),G63),0) -> 0 | H63: =IF(A63,IF(D63,MIN('SE4X Production'!$E$33,1),H63),0) -> 0 | I63: =IF(A63,IF(D63,MIN('SE4X Production'!$E$34,3),I63),0) -> 0 | L63: Fighters | M63: =IF(A63,IF(D63,MIN('SE4X Production'!$E$36,4),M63),0) -> 0
A64: FALSE | D64: FALSE | F64: F #10 | G64: =IF(A64,IF(D64,MIN('SE4X Production'!$E$32,1),G64),0) -> 0 | H64: =IF(A64,IF(D64,MIN('SE4X Production'!$E$33,1),H64),0) -> 0 | I64: =IF(A64,IF(D64,MIN('SE4X Production'!$E$34,3),I64),0) -> 0 | L64: Fighters | M64: =IF(A64,IF(D64,MIN('SE4X Production'!$E$36,4),M64),0) -> 0
A65: FALSE | D65: FALSE | F65: CV #1 | G65: =IF(A65,IF(D65,MIN('SE4X Production'!$E$32,1),G65),0) -> 0 | H65: =IF(A65,IF(D65,MIN('SE4X Production'!$E$33,1),H65),0) -> 0 | I65: =IF(A65,IF(D65,MIN('SE4X Production'!$E$34,3),I65),0) -> 0 | J65: =IF(A65,IF(D65,MIN('SE4X Production'!$E$35,7),J65),1) -> 1 | K65: =IF(A65,IF(D65,IF(J65>=5,"+",""),K65),"") | R65: FALSE
A66: FALSE | D66: FALSE | F66: CV #2 | G66: =IF(A66,IF(D66,MIN('SE4X Production'!$E$32,1),G66),0) -> 0 | H66: =IF(A66,IF(D66,MIN('SE4X Production'!$E$33,1),H66),0) -> 0 | I66: =IF(A66,IF(D66,MIN('SE4X Production'!$E$34,3),I66),0) -> 0 | J66: =IF(A66,IF(D66,MIN('SE4X Production'!$E$35,7),J66),1) -> 1 | K66: =IF(A66,IF(D66,IF(J66>=5,"+",""),K66),"") | R66: FALSE
A67: FALSE | D67: FALSE | F67: CV #3 | G67: =IF(A67,IF(D67,MIN('SE4X Production'!$E$32,1),G67),0) -> 0 | H67: =IF(A67,IF(D67,MIN('SE4X Production'!$E$33,1),H67),0) -> 0 | I67: =IF(A67,IF(D67,MIN('SE4X Production'!$E$34,3),I67),0) -> 0 | J67: =IF(A67,IF(D67,MIN('SE4X Production'!$E$35,7),J67),1) -> 1 | K67: =IF(A67,IF(D67,IF(J67>=5,"+",""),K67),"") | R67: FALSE
A68: FALSE | D68: FALSE | F68: CV #4 | G68: =IF(A68,IF(D68,MIN('SE4X Production'!$E$32,1),G68),0) -> 0 | H68: =IF(A68,IF(D68,MIN('SE4X Production'!$E$33,1),H68),0) -> 0 | I68: =IF(A68,IF(D68,MIN('SE4X Production'!$E$34,3),I68),0) -> 0 | J68: =IF(A68,IF(D68,MIN('SE4X Production'!$E$35,7),J68),1) -> 1 | K68: =IF(A68,IF(D68,IF(J68>=5,"+",""),K68),"") | R68: FALSE
A69: FALSE | D69: FALSE | F69: CV #5 | G69: =IF(A69,IF(D69,MIN('SE4X Production'!$E$32,1),G69),0) -> 0 | H69: =IF(A69,IF(D69,MIN('SE4X Production'!$E$33,1),H69),0) -> 0 | I69: =IF(A69,IF(D69,MIN('SE4X Production'!$E$34,3),I69),0) -> 0 | J69: =IF(A69,IF(D69,MIN('SE4X Production'!$E$35,7),J69),1) -> 1 | K69: =IF(A69,IF(D69,IF(J69>=5,"+",""),K69),"") | R69: FALSE
A70: FALSE | D70: FALSE | F70: CV #6 | G70: =IF(A70,IF(D70,MIN('SE4X Production'!$E$32,1),G70),0) -> 0 | H70: =IF(A70,IF(D70,MIN('SE4X Production'!$E$33,1),H70),0) -> 0 | I70: =IF(A70,IF(D70,MIN('SE4X Production'!$E$34,3),I70),0) -> 0 | J70: =IF(A70,IF(D70,MIN('SE4X Production'!$E$35,7),J70),1) -> 1 | K70: =IF(A70,IF(D70,IF(J70>=5,"+",""),K70),"") | R70: FALSE
A71: FALSE | D71: FALSE | F71: BV #1 | G71: =IF(A71,IF(D71,MIN('SE4X Production'!$E$32,3),G71),0) -> 0 | H71: =IF(A71,IF(D71,MIN('SE4X Production'!$E$33,3),H71),0) -> 0 | I71: =IF(A71,IF(D71,MIN('SE4X Production'!$E$34,3),I71),0) -> 0 | J71: =IF(A71,IF(D71,MIN('SE4X Production'!$E$35,7),J71),1) -> 1 | K71: =IF(A71,IF(D71,IF(J71>=5,"+",""),K71),"") | L71: Fast 2 | M71: =IF(A71,IF(D71,IF('SE4X Production'!$E$54>=2,2,0),M71),0) -> 0 | N71: Exploration 2 | O71: =IF(A71,IF(D71,IF('SE4X Production'!$E$40>=2,2,0),O71),0) -> 0 | P71: Anti-Sensor Hull | R71: FALSE
A72: FALSE | D72: FALSE | F72: BV #2 | G72: =IF(A72,IF(D72,MIN('SE4X Production'!$E$32,3),G72),0) -> 0 | H72: =IF(A72,IF(D72,MIN('SE4X Production'!$E$33,3),H72),0) -> 0 | I72: =IF(A72,IF(D72,MIN('SE4X Production'!$E$34,3),I72),0) -> 0 | J72: =IF(A72,IF(D72,MIN('SE4X Production'!$E$35,7),J72),1) -> 1 | K72: =IF(A72,IF(D72,IF(J72>=5,"+",""),K72),"") | L72: Fast 2 | M72: =IF(A72,IF(D72,IF('SE4X Production'!$E$54>=2,2,0),M72),0) -> 0 | N72: Exploration 2 | O72: =IF(A72,IF(D72,IF('SE4X Production'!$E$40>=2,2,0),O72),0) -> 0 | P72: Anti-Sensor Hull | R72: FALSE
A73: FALSE | D73: FALSE | F73: BV #3 | G73: =IF(A73,IF(D73,MIN('SE4X Production'!$E$32,3),G73),0) -> 0 | H73: =IF(A73,IF(D73,MIN('SE4X Production'!$E$33,3),H73),0) -> 0 | I73: =IF(A73,IF(D73,MIN('SE4X Production'!$E$34,3),I73),0) -> 0 | J73: =IF(A73,IF(D73,MIN('SE4X Production'!$E$35,7),J73),1) -> 1 | K73: =IF(A73,IF(D73,IF(J73>=5,"+",""),K73),"") | L73: Fast 2 | M73: =IF(A73,IF(D73,IF('SE4X Production'!$E$54>=2,2,0),M73),0) -> 0 | N73: Exploration 2 | O73: =IF(A73,IF(D73,IF('SE4X Production'!$E$40>=2,2,0),O73),0) -> 0 | P73: Anti-Sensor Hull
A74: FALSE | D74: FALSE | F74: BV #4 | G74: =IF(A74,IF(D74,MIN('SE4X Production'!$E$32,3),G74),0) -> 0 | H74: =IF(A74,IF(D74,MIN('SE4X Production'!$E$33,3),H74),0) -> 0 | I74: =IF(A74,IF(D74,MIN('SE4X Production'!$E$34,3),I74),0) -> 0 | J74: =IF(A74,IF(D74,MIN('SE4X Production'!$E$35,7),J74),1) -> 1 | K74: =IF(A74,IF(D74,IF(J74>=5,"+",""),K74),"") | L74: Fast 2 | M74: =IF(A74,IF(D74,IF('SE4X Production'!$E$54>=2,2,0),M74),0) -> 0 | N74: Exploration 2 | O74: =IF(A74,IF(D74,IF('SE4X Production'!$E$40>=2,2,0),O74),0) -> 0 | P74: Anti-Sensor Hull
A75: FALSE | D75: FALSE | F75: BV #5 | G75: =IF(A75,IF(D75,MIN('SE4X Production'!$E$32,3),G75),0) -> 0 | H75: =IF(A75,IF(D75,MIN('SE4X Production'!$E$33,3),H75),0) -> 0 | I75: =IF(A75,IF(D75,MIN('SE4X Production'!$E$34,3),I75),0) -> 0 | J75: =IF(A75,IF(D75,MIN('SE4X Production'!$E$35,7),J75),1) -> 1 | K75: =IF(A75,IF(D75,IF(J75>=5,"+",""),K75),"") | L75: Fast 2 | M75: =IF(A75,IF(D75,IF('SE4X Production'!$E$54>=2,2,0),M75),0) -> 0 | N75: Exploration 2 | O75: =IF(A75,IF(D75,IF('SE4X Production'!$E$40>=2,2,0),O75),0) -> 0 | P75: Anti-Sensor Hull
A76: FALSE | D76: FALSE | F76: BV #6 | G76: =IF(A76,IF(D76,MIN('SE4X Production'!$E$32,3),G76),0) -> 0 | H76: =IF(A76,IF(D76,MIN('SE4X Production'!$E$33,3),H76),0) -> 0 | I76: =IF(A76,IF(D76,MIN('SE4X Production'!$E$34,3),I76),0) -> 0 | J76: =IF(A76,IF(D76,MIN('SE4X Production'!$E$35,7),J76),1) -> 1 | K76: =IF(A76,IF(D76,IF(J76>=5,"+",""),K76),"") | L76: Fast 2 | M76: =IF(A76,IF(D76,IF('SE4X Production'!$E$54>=2,2,0),M76),0) -> 0 | N76: Exploration 2 | O76: =IF(A76,IF(D76,IF('SE4X Production'!$E$40>=2,2,0),O76),0) -> 0 | P76: Anti-Sensor Hull
A77: FALSE | D77: FALSE | F77: SW #1 | G77: =IF(A77,IF(D77,MIN('SE4X Production'!$E$32,1),G77),0) -> 0 | H77: =IF(A77,IF(D77,MIN('SE4X Production'!$E$33,1),H77),0) -> 0 | I77: =IF(A77,IF(D77,MIN('SE4X Production'!$E$34,3),I77),0) -> 0 | J77: =IF(A77,IF(D77,MIN('SE4X Production'!$E$35,7),J77),1) -> 1 | K77: =IF(A77,IF(D77,IF(J77>=6,"+",""),K77),"") | L77: Mine Sweep | M77: =IF(A77,IF(D77,MIN('SE4X Production'!$E$44,3),M77),0) -> 0
A78: FALSE | D78: FALSE | F78: SW #2 | G78: =IF(A78,IF(D78,MIN('SE4X Production'!$E$32,1),G78),0) -> 0 | H78: =IF(A78,IF(D78,MIN('SE4X Production'!$E$33,1),H78),0) -> 0 | I78: =IF(A78,IF(D78,MIN('SE4X Production'!$E$34,3),I78),0) -> 0 | J78: =IF(A78,IF(D78,MIN('SE4X Production'!$E$35,7),J78),1) -> 1 | K78: =IF(A78,IF(D78,IF(J78>=6,"+",""),K78),"") | L78: Mine Sweep | M78: =IF(A78,IF(D78,MIN('SE4X Production'!$E$44,3),M78),0) -> 0
A79: FALSE | D79: FALSE | F79: SW #3 | G79: =IF(A79,IF(D79,MIN('SE4X Production'!$E$32,1),G79),0) -> 0 | H79: =IF(A79,IF(D79,MIN('SE4X Production'!$E$33,1),H79),0) -> 0 | I79: =IF(A79,IF(D79,MIN('SE4X Production'!$E$34,3),I79),0) -> 0 | J79: =IF(A79,IF(D79,MIN('SE4X Production'!$E$35,7),J79),1) -> 1 | K79: =IF(A79,IF(D79,IF(J79>=6,"+",""),K79),"") | L79: Mine Sweep | M79: =IF(A79,IF(D79,MIN('SE4X Production'!$E$44,3),M79),0) -> 0
A80: FALSE | D80: FALSE | F80: SW #4 | G80: =IF(A80,IF(D80,MIN('SE4X Production'!$E$32,1),G80),0) -> 0 | H80: =IF(A80,IF(D80,MIN('SE4X Production'!$E$33,1),H80),0) -> 0 | I80: =IF(A80,IF(D80,MIN('SE4X Production'!$E$34,3),I80),0) -> 0 | J80: =IF(A80,IF(D80,MIN('SE4X Production'!$E$35,7),J80),1) -> 1 | K80: =IF(A80,IF(D80,IF(J80>=6,"+",""),K80),"") | L80: Mine Sweep | M80: =IF(A80,IF(D80,MIN('SE4X Production'!$E$44,3),M80),0) -> 0
A81: FALSE | D81: FALSE | F81: SW #5 | G81: =IF(A81,IF(D81,MIN('SE4X Production'!$E$32,1),G81),0) -> 0 | H81: =IF(A81,IF(D81,MIN('SE4X Production'!$E$33,1),H81),0) -> 0 | I81: =IF(A81,IF(D81,MIN('SE4X Production'!$E$34,3),I81),0) -> 0 | J81: =IF(A81,IF(D81,MIN('SE4X Production'!$E$35,7),J81),1) -> 1 | K81: =IF(A81,IF(D81,IF(J81>=6,"+",""),K81),"") | L81: Mine Sweep | M81: =IF(A81,IF(D81,MIN('SE4X Production'!$E$44,3),M81),0) -> 0
A82: FALSE | D82: FALSE | F82: SW #6 | G82: =IF(A82,IF(D82,MIN('SE4X Production'!$E$32,1),G82),0) -> 0 | H82: =IF(A82,IF(D82,MIN('SE4X Production'!$E$33,1),H82),0) -> 0 | I82: =IF(A82,IF(D82,MIN('SE4X Production'!$E$34,3),I82),0) -> 0 | J82: =IF(A82,IF(D82,MIN('SE4X Production'!$E$35,7),J82),1) -> 1 | K82: =IF(A82,IF(D82,IF(J82>=6,"+",""),K82),"") | L82: Mine Sweep | M82: =IF(A82,IF(D82,MIN('SE4X Production'!$E$44,3),M82),0) -> 0
A83: FALSE | D83: FALSE | F83: =IF(NOT('SE4X Production'!$T$31)," BD #1"," MB #1") -> BD #1 | G83: =IF(A83,IF(D83,MIN('SE4X Production'!$E$32,3),G83),0) -> 0 | H83: =IF(A83,IF(D83,MIN('SE4X Production'!$E$33,2),H83),0) -> 0 | I83: =IF(A83,IF(D83,MIN('SE4X Production'!$E$34,3),I83),0) -> 0 | J83: =IF(A83,IF(D83,MIN('SE4X Production'!$E$35,7),J83),1) -> 1 | K83: =IF(A83,IF(D83,IF(J83>=4,"+",""),K83),"") | L83: =IF(NOT('SE4X Production'!$T$31)," Boarding"," Missle Boat") -> Boarding | M83: =IF(A83,IF(D83,IF(NOT('SE4X Production'!$T$31),'SE4X Production'!$E$50,'SE4X Production'!$E$52),M83),0) -> 0 | R83: FALSE
A84: FALSE | D84: FALSE | F84: =IF(NOT('SE4X Production'!$T$31)," BD #2"," MB #2") -> BD #2 | G84: =IF(A84,IF(D84,MIN('SE4X Production'!$E$32,3),G84),0) -> 0 | H84: =IF(A84,IF(D84,MIN('SE4X Production'!$E$33,2),H84),0) -> 0 | I84: =IF(A84,IF(D84,MIN('SE4X Production'!$E$34,3),I84),0) -> 0 | J84: =IF(A84,IF(D84,MIN('SE4X Production'!$E$35,7),J84),1) -> 1 | K84: =IF(A84,IF(D84,IF(J84>=4,"+",""),K84),"") | L84: =IF(NOT('SE4X Production'!$T$31)," Boarding"," Missle Boat") -> Boarding | M84: =IF(A84,IF(D84,IF(NOT('SE4X Production'!$T$31),'SE4X Production'!$E$50,'SE4X Production'!$E$52),M84),0) -> 0 | R84: FALSE
A85: FALSE | D85: FALSE | F85: =IF(NOT('SE4X Production'!$T$31)," BD #3"," MB #3") -> BD #3 | G85: =IF(A85,IF(D85,MIN('SE4X Production'!$E$32,3),G85),0) -> 0 | H85: =IF(A85,IF(D85,MIN('SE4X Production'!$E$33,2),H85),0) -> 0 | I85: =IF(A85,IF(D85,MIN('SE4X Production'!$E$34,3),I85),0) -> 0 | J85: =IF(A85,IF(D85,MIN('SE4X Production'!$E$35,7),J85),1) -> 1 | K85: =IF(A85,IF(D85,IF(J85>=4,"+",""),K85),"") | L85: =IF(NOT('SE4X Production'!$T$31)," Boarding"," Missle Boat") -> Boarding | M85: =IF(A85,IF(D85,IF(NOT('SE4X Production'!$T$31),'SE4X Production'!$E$50,'SE4X Production'!$E$52),M85),0) -> 0
A86: FALSE | D86: FALSE | F86: =IF(NOT('SE4X Production'!$T$31)," BD #4"," MB #4") -> BD #4 | G86: =IF(A86,IF(D86,MIN('SE4X Production'!$E$32,3),G86),0) -> 0 | H86: =IF(A86,IF(D86,MIN('SE4X Production'!$E$33,2),H86),0) -> 0 | I86: =IF(A86,IF(D86,MIN('SE4X Production'!$E$34,3),I86),0) -> 0 | J86: =IF(A86,IF(D86,MIN('SE4X Production'!$E$35,7),J86),1) -> 1 | K86: =IF(A86,IF(D86,IF(J86>=4,"+",""),K86),"") | L86: =IF(NOT('SE4X Production'!$T$31)," Boarding"," Missle Boat") -> Boarding | M86: =IF(A86,IF(D86,IF(NOT('SE4X Production'!$T$31),'SE4X Production'!$E$50,'SE4X Production'!$E$52),M86),0) -> 0
A87: FALSE | D87: FALSE | F87: =IF(NOT('SE4X Production'!$T$31)," BD #5"," MB #5") -> BD #5 | G87: =IF(A87,IF(D87,MIN('SE4X Production'!$E$32,3),G87),0) -> 0 | H87: =IF(A87,IF(D87,MIN('SE4X Production'!$E$33,2),H87),0) -> 0 | I87: =IF(A87,IF(D87,MIN('SE4X Production'!$E$34,3),I87),0) -> 0 | J87: =IF(A87,IF(D87,MIN('SE4X Production'!$E$35,7),J87),1) -> 1 | K87: =IF(A87,IF(D87,IF(J87>=4,"+",""),K87),"") | L87: =IF(NOT('SE4X Production'!$T$31)," Boarding"," Missle Boat") -> Boarding | M87: =IF(A87,IF(D87,IF(NOT('SE4X Production'!$T$31),'SE4X Production'!$E$50,'SE4X Production'!$E$52),M87),0) -> 0
A88: FALSE | D88: FALSE | F88: =IF(NOT('SE4X Production'!$T$31)," BD #6"," MB #6") -> BD #6 | G88: =IF(A88,IF(D88,MIN('SE4X Production'!$E$32,3),G88),0) -> 0 | H88: =IF(A88,IF(D88,MIN('SE4X Production'!$E$33,2),H88),0) -> 0 | I88: =IF(A88,IF(D88,MIN('SE4X Production'!$E$34,3),I88),0) -> 0 | J88: =IF(A88,IF(D88,MIN('SE4X Production'!$E$35,7),J88),1) -> 1 | K88: =IF(A88,IF(D88,IF(J88>=4,"+",""),K88),"") | L88: =IF(NOT('SE4X Production'!$T$31)," Boarding"," Missle Boat") -> Boarding | M88: =IF(A88,IF(D88,IF(NOT('SE4X Production'!$T$31),'SE4X Production'!$E$50,'SE4X Production'!$E$52),M88),0) -> 0
A89: FALSE | D89: FALSE | F89: MinerX | G89: 0 | H89: 0 | I89: 0 | J89: ='SE4X Production'!$E$35 -> 1 | R89: FALSE
A90: FALSE | D90: FALSE | F90: T #1 | G90: =IF(A90,IF(D90,MIN('SE4X Production'!$E$32,1),G90),0) -> 0 | H90: =IF(A90,IF(D90,MIN('SE4X Production'!$E$33,IF('SE4X Production'!$E$46>=3,2,1)),H90),0) -> 0 | I90: =IF(A90,IF(D90,MIN('SE4X Production'!$E$34,3),I90),0) -> 0 | J90: =IF(A90,IF(D90,MIN('SE4X Production'!$E$35,7),J90),1) -> 1 | K90: =IF(A90,IF(D90,IF(J90>=5,"+",""),K90),"") | L90: Ground Combat 3 | M90: =IF(A90,IF(D90,IF('SE4X Production'!$E$46>=3,3,0),M90),0) -> 0 | N90: Anti-Replicator | O90: =IF(A90,IF(D90,'SE4X Production'!$E$48,M90),0) -> 0 | R90: FALSE
A91: FALSE | D91: FALSE | F91: T #2 | G91: =IF(A91,IF(D91,MIN('SE4X Production'!$E$32,1),G91),0) -> 0 | H91: =IF(A91,IF(D91,MIN('SE4X Production'!$E$33,IF('SE4X Production'!$E$46>=3,2,1)),H91),0) -> 0 | I91: =IF(A91,IF(D91,MIN('SE4X Production'!$E$34,3),I91),0) -> 0 | J91: =IF(A91,IF(D91,MIN('SE4X Production'!$E$35,7),J91),1) -> 1 | K91: =IF(A91,IF(D91,IF(J91>=5,"+",""),K91),"") | L91: Ground Combat 3 | M91: =IF(A91,IF(D91,IF('SE4X Production'!$E$46>=3,3,0),M91),0) -> 0 | N91: Anti-Replicator | O91: =IF(A91,IF(D91,'SE4X Production'!$E$48,M91),0) -> 0 | R91: FALSE
A92: FALSE | D92: FALSE | F92: T #3 | G92: =IF(A92,IF(D92,MIN('SE4X Production'!$E$32,1),G92),0) -> 0 | H92: =IF(A92,IF(D92,MIN('SE4X Production'!$E$33,IF('SE4X Production'!$E$46>=3,2,1)),H92),0) -> 0 | I92: =IF(A92,IF(D92,MIN('SE4X Production'!$E$34,3),I92),0) -> 0 | J92: =IF(A92,IF(D92,MIN('SE4X Production'!$E$35,7),J92),1) -> 1 | K92: =IF(A92,IF(D92,IF(J92>=5,"+",""),K92),"") | L92: Ground Combat 3 | M92: =IF(A92,IF(D92,IF('SE4X Production'!$E$46>=3,3,0),M92),0) -> 0 | N92: Anti-Replicator | O92: =IF(A92,IF(D92,'SE4X Production'!$E$48,M92),0) -> 0 | R92: FALSE
A93: FALSE | D93: FALSE | F93: T #4 | G93: =IF(A93,IF(D93,MIN('SE4X Production'!$E$32,1),G93),0) -> 0 | H93: =IF(A93,IF(D93,MIN('SE4X Production'!$E$33,IF('SE4X Production'!$E$46>=3,2,1)),H93),0) -> 0 | I93: =IF(A93,IF(D93,MIN('SE4X Production'!$E$34,3),I93),0) -> 0 | J93: =IF(A93,IF(D93,MIN('SE4X Production'!$E$35,7),J93),1) -> 1 | K93: =IF(A93,IF(D93,IF(J93>=5,"+",""),K93),"") | L93: Ground Combat 3 | M93: =IF(A93,IF(D93,IF('SE4X Production'!$E$46>=3,3,0),M93),0) -> 0 | N93: Anti-Replicator | O93: =IF(A93,IF(D93,'SE4X Production'!$E$48,M93),0) -> 0 | R93: FALSE
A94: FALSE | D94: FALSE | F94: T #5 | G94: =IF(A94,IF(D94,MIN('SE4X Production'!$E$32,1),G94),0) -> 0 | H94: =IF(A94,IF(D94,MIN('SE4X Production'!$E$33,IF('SE4X Production'!$E$46>=3,2,1)),H94),0) -> 0 | I94: =IF(A94,IF(D94,MIN('SE4X Production'!$E$34,3),I94),0) -> 0 | J94: =IF(A94,IF(D94,MIN('SE4X Production'!$E$35,7),J94),1) -> 1 | K94: =IF(A94,IF(D94,IF(J94>=5,"+",""),K94),"") | L94: Ground Combat 3 | M94: =IF(A94,IF(D94,IF('SE4X Production'!$E$46>=3,3,0),M94),0) -> 0 | N94: Anti-Replicator | O94: =IF(A94,IF(D94,'SE4X Production'!$E$48,M94),0) -> 0 | R94: FALSE
A95: FALSE | D95: FALSE | F95: T #6 | G95: =IF(A95,IF(D95,MIN('SE4X Production'!$E$32,1),G95),0) -> 0 | H95: =IF(A95,IF(D95,MIN('SE4X Production'!$E$33,IF('SE4X Production'!$E$46>=3,2,1)),H95),0) -> 0 | I95: =IF(A95,IF(D95,MIN('SE4X Production'!$E$34,3),I95),0) -> 0 | J95: =IF(A95,IF(D95,MIN('SE4X Production'!$E$35,7),J95),1) -> 1 | K95: =IF(A95,IF(D95,IF(J95>=5,"+",""),K95),"") | L95: Ground Combat 3 | M95: =IF(A95,IF(D95,IF('SE4X Production'!$E$46>=3,3,0),M95),0) -> 0 | N95: Anti-Replicator | O95: =IF(A95,IF(D95,'SE4X Production'!$E$48,M95),0) -> 0 | R95: FALSE
F96: Inf | G96: =IF('SE4X Production'!$E$32<=1,'SE4X Production'!$E$32,0) -> 0 | H96: =IF('SE4X Production'!$E$33<=1,'SE4X Production'!$E$33,0) -> 0 | I96: ='SE4X Production'!$E$34 -> 0 | R96: TRUE
F97: Mar | G97: =IF('SE4X Production'!$E$32<=1,'SE4X Production'!$E$32,0) -> 0 | H97: =IF('SE4X Production'!$E$33<=1,'SE4X Production'!$E$33,0) -> 0 | I97: ='SE4X Production'!$E$34 -> 0 | R97: TRUE
F98: HI | G98: =IF('SE4X Production'!$E$32<=1,'SE4X Production'!$E$32,0) -> 0 | H98: =IF('SE4X Production'!$E$33<=1,'SE4X Production'!$E$33,0) -> 0 | I98: ='SE4X Production'!$E$34 -> 0 | R98: TRUE
F99: Grav | G99: =IF('SE4X Production'!$E$32<=1,'SE4X Production'!$E$32,0) -> 0 | H99: =IF('SE4X Production'!$E$33<=1,'SE4X Production'!$E$33,0) -> 0 | I99: ='SE4X Production'!$E$34 -> 0 | R99: TRUE
F100: CyberA | G100: =IF('SE4X Production'!$E$32<=1,'SE4X Production'!$E$32,0) -> 0 | H100: =IF('SE4X Production'!$E$33<=1,'SE4X Production'!$E$33,0) -> 0 | I100: ='SE4X Production'!$E$34 -> 0 | R100: TRUE
