Workbook
Name Tech1: #REF!
Name Tech2: #REF!
Name Tech3: #REF!
Name Tech4: #REF!
Name Tech5: #REF!
Name Tech6: #REF!
Name Tech7: #REF!
Name Tech8: #REF!

Sheet SE4X Production
B1: Space Empires Production Sheet
B2: Economic Phase | C2: 1 | E2: 2 | G2: 3 | I2: 4 | K2: 5 | M2: 6 | O2: 7 | Q2: 8 | S2: 9 | U2: 10 | W2: 11 | Y2: 12 | AA2: 13 | AC2: 14 | AE2: 15 | AG2: 16 | AI2: 17 | AK2: 18 | AM2: 19 | AO2: 20
B3: Carry over (max 30) | C3: 0 | E3: =SUM(C25-C26) -> 0 | G3: =SUM(E25-E26) -> 0 | I3: =SUM(G25-G26) -> 0 | K3: =SUM(I25-I26) -> 0 | M3: =SUM(K25-K26) -> 0 | O3: =SUM(M25-M26) -> 0 | Q3: =SUM(O25-O26) -> 0 | S3: =SUM(Q25-Q26) -> 0 | U3: =SUM(S25-S26) -> 0 | W3: =SUM(U25-U26) -> 0 | Y3: =SUM(W25-W26) -> 0 | AA3: =SUM(Y25-Y26) -> 0 | AC3: =SUM(AA25-AA26) -> 0 | AE3: =SUM(AC25-AC26) -> 0 | AG3: =SUM(AE25-AE26) -> 0 | AI3: =SUM(AG25-AG26) -> 0 | AK3: =SUM(AI25-AI26) -> 0 | AM3: =SUM(AK25-AK26) -> 0 | AO3: =SUM(AM25-AM26) -> 0
B4: + Colony CP
B5: + Mineral CP
B6: + MS Pipeline CP
B7: Total CP | C7: =SUM(C3:C6) -> 0 | E7: =SUM(E3:E6) -> 0 | G7: =SUM(G3:G6) -> 0 | I7: =SUM(I3:I6) -> 0 | K7: =SUM(K3:K6) -> 0 | M7: =SUM(M3:M6) -> 0 | O7: =SUM(O3:O6) -> 0 | Q7: =SUM(Q3:Q6) -> 0 | S7: =SUM(S3:S6) -> 0 | U7: =SUM(U3:U6) -> 0 | W7: =SUM(W3:W6) -> 0 | Y7: =SUM(Y3:Y6) -> 0 | AA7: =SUM(AA3:AA6) -> 0 | AC7: =SUM(AC3:AC6) -> 0 | AE7: =SUM(AE3:AE6) -> 0 | AG7: =SUM(AG3:AG6) -> 0 | AI7: =SUM(AI3:AI6) -> 0 | AK7: =SUM(AK3:AK6) -> 0 | AM7: =SUM(AM3:AM6) -> 0 | AO7: =SUM(AO3:AO6) -> 0
B8: - Maintenance | E8: =SUM(C8+C27-C28) -> 0 | G8: =SUM(E8+E27-E28) -> 0 | I8: =SUM(G8+G27-G28) -> 0 | K8: =SUM(I8+I27-I28) -> 0 | M8: =SUM(K8+K27-K28) -> 0 | O8: =SUM(M8+M27-M28) -> 0 | Q8: =SUM(O8+O27-O28) -> 0 | S8: =SUM(Q8+Q27-Q28) -> 0 | U8: =SUM(S8+S27-S28) -> 0 | W8: =SUM(U8+U27-U28) -> 0 | Y8: =SUM(W8+W27-W28) -> 0 | AA8: =SUM(Y8+Y27-Y28) -> 0 | AC8: =SUM(AA8+AA27-AA28) -> 0 | AE8: =SUM(AC8+AC27-AC28) -> 0 | AG8: =SUM(AE8+AE27-AE28) -> 0 | AI8: =SUM(AG8+AG27-AG28) -> 0 | AK8: =SUM(AI8+AI27-AI28) -> 0 | AM8: =SUM(AK8+AK27-AK28) -> 0 | AO8: =SUM(AM8+AM27-AM28) -> 0
B9: - Turn order bid
B10: Subtotal | C10: =SUM(C7-SUM(C8:C9)) -> 0 | E10: =SUM(E7-SUM(E8:E9)) -> 0 | G10: =SUM(G7-SUM(G8:G9)) -> 0 | I10: =SUM(I7-SUM(I8:I9)) -> 0 | K10: =SUM(K7-SUM(K8:K9)) -> 0 | M10: =SUM(M7-SUM(M8:M9)) -> 0 | O10: =SUM(O7-SUM(O8:O9)) -> 0 | Q10: =SUM(Q7-SUM(Q8:Q9)) -> 0 | S10: =SUM(S7-SUM(S8:S9)) -> 0 | U10: =SUM(U7-SUM(U8:U9)) -> 0 | W10: =SUM(W7-SUM(W8:W9)) -> 0 | Y10: =SUM(Y7-SUM(Y8:Y9)) -> 0 | AA10: =SUM(AA7-SUM(AA8:AA9)) -> 0 | AC10: =SUM(AC7-SUM(AC8:AC9)) -> 0 | AE10: =SUM(AE7-SUM(AE8:AE9)) -> 0 | AG10: =SUM(AG7-SUM(AG8:AG9)) -> 0 | AI10: =SUM(AI7-SUM(AI8:AI9)) -> 0 | AK10: =SUM(AK7-SUM(AK8:AK9)) -> 0 | AM10: =SUM(AM7-SUM(AM8:AM9)) -> 0 | AO10: =SUM(AO7-SUM(AO8:AO9)) -> 0
B11: -Technology Spending
B16: - Ship Spending
B25: Remaining CP | C25: =SUM(C10-SUM(C11:C24)) -> 0 | E25: =SUM(E10-SUM(E11:E24)) -> 0 | G25: =SUM(G10-SUM(G11:G24)) -> 0 | I25: =SUM(I10-SUM(I11:I24)) -> 0 | K25: =SUM(K10-SUM(K11:K24)) -> 0 | M25: =SUM(M10-SUM(M11:M24)) -> 0 | O25: =SUM(O10-SUM(O11:O24)) -> 0 | Q25: =SUM(Q10-SUM(Q11:Q24)) -> 0 | S25: =SUM(S10-SUM(S11:S24)) -> 0 | U25: =SUM(U10-SUM(U11:U24)) -> 0 | W25: =SUM(W10-SUM(W11:W24)) -> 0 | Y25: =SUM(Y10-SUM(Y11:Y24)) -> 0 | AA25: =SUM(AA10-SUM(AA11:AA24)) -> 0 | AC25: =SUM(AC10-SUM(AC11:AC24)) -> 0 | AE25: =SUM(AE10-SUM(AE11:AE24)) -> 0 | AG25: =SUM(AG10-SUM(AG11:AG24)) -> 0 | AI25: =SUM(AI10-SUM(AI11:AI24)) -> 0 | AK25: =SUM(AK10-SUM(AK11:AK24)) -> 0 | AM25: =SUM(AM10-SUM(AM11:AM24)) -> 0 | AO25: =SUM(AO10-SUM(AO11:AO24)) -> 0
B26: - CP spent on upgrades
B27: Maintenance Inc (buys)
B28: Maintenance Dec (losses)
B30: Technology | C30: Start | E30: Current | G30: Level CP (Cost)
B31: Ship Size | C31: 1 | E31: 1 | G31: 2 (10) | I31: 3 (15) | K31: 4 (20) | M31: 5 (20) | O31: 6 (20)
B32: Attack | C32: 0 | E32: 0 | G32: 1 (20) | I32: 2 (30) | K32: 3 (25)
B33: Defense | C33: 0 | E33: 0 | G33: 1 (20) | I33: 2 (30) | K33: 3 (25)
B34: Tactics | C34: 0 | E34: 0 | G34: 1 (15) | I34: 2 (15) | K34: 3 (15)
B35: Move | C35: 1 | E35: 1 | G35: 2 (20) | I35: 3 (25) | K35: 4 (25) | M35: 5 (25) | O35: 6 (20) | Q35: 7 (20)
B36: Ship Yard | C36: 1 | E36: 1 | G36: 2 (20) | I36: 3 (25)
B37: Terraforming | C37: 0 | E37: 0 | G37: 1 (20)
B38: Exploration | C38: 0 | E38: 0 | G38: 1 (15)
B39: Advanced Technologies
B40: Fighters | C40: 0 | E40: 0 | G40: 1 (25) | I40: 2 (20) | K40: 3 (25)
B41: Point Defense | C41: 0 | E41: 0 | G41: 1 (20) | I41: 2 (20) | K41: 3 (20)
B42: Cloaking | C42: 0 | E42: 0 | G42: 1 (30) | I42: 2 (30)
B43: Scanners | C43: 0 | E43: 0 | G43: 1 (20) | I43: 2 (20)
B44: Mines | C44: 0 | E44: 0 | G44: 1 (30)
B45: Mine Sweep | C45: 0 | E45: 0 | G45: 1 (10) | I45: 2 (15)

Sheet Ship Technology
F1: Ship Technology Sheet | R1: Advanced Ship Technology
F2: Group | G2: Attack | H2: Defense | I2: Tactics | J2: Move | K2: Other | R2: Group | S2: Attack | T2: Defense | U2: Tactics | V2: Move | W2: Other
F3: SY | G3: =IF('SE4X Production'!$E$32<=1,'SE4X Production'!$E$32,0) -> 0 | H3: =IF('SE4X Production'!$E$33<=1,'SE4X Production'!$E$33,0) -> 0 | I3: ='SE4X Production'!$E$34 -> 0 | J3: 0 | K3: Ship Yard | L3: ='SE4X Production'!$E34 -> 0 | M3: FALSE | P3: FALSE | R3: Raider #1 | S3: =IF(M3,IF(P3,MIN('SE4X Production'!$E$32,2),S3),0) -> 0 | T3: =IF(M3,IF(P3,MIN('SE4X Production'!$E$33,2),T3),0) -> 0 | U3: =IF(M3,IF(P3,MIN('SE4X Production'!$E$34,3),U3),0) -> 0 | V3: =IF(M3,IF(P3,MIN('SE4X Production'!$E$35,7),V3),1) -> 1 | W3: Cloaking | X3: =IF(M3,IF(P3,MIN('SE4X Production'!$E$42,2),X3),1) -> 1
F4: Base | G4: ='SE4X Production'!$E$32 -> 0 | H4: ='SE4X Production'!$E$33 -> 0 | I4: ='SE4X Production'!$E$34 -> 0 | J4: 0 | M4: FALSE | P4: FALSE | R4: Raider #2 | S4: =IF(M4,IF(P4,MIN('SE4X Production'!$E$32,2),S4),0) -> 0 | T4: =IF(M4,IF(P4,MIN('SE4X Production'!$E$33,2),T4),0) -> 0 | U4: =IF(M4,IF(P4,MIN('SE4X Production'!$E$34,3),U4),0) -> 0 | V4: =IF(M4,IF(P4,MIN('SE4X Production'!$E$35,7),V4),1) -> 1 | W4: Cloaking | X4: =IF(M4,IF(P4,MIN('SE4X Production'!$E$42,2),X4),1) -> 1
A5: FALSE | D5: FALSE | F5: SC #1 | G5: =IF(A5,IF(D5,MIN('SE4X Production'!$E$32,1),G5),0) -> 0 | H5: =IF(A5,IF(D5,MIN('SE4X Production'!$E$33,1),H5),0) -> 0 | I5: =IF(A5,IF(D5,MIN('SE4X Production'!$E$34,3),I5),0) -> 0 | J5: =IF(A5,IF(D5,MIN('SE4X Production'!$E$35,7),J5),1) -> 1 | K5: Point Defense | L5: =IF(A5,IF(D5,MIN('SE4X Production'!$E$41,3),L5),0) -> 0 | M5: FALSE | P5: FALSE | R5: Raider #3 | S5: =IF(M5,IF(P5,MIN('SE4X Production'!$E$32,2),S5),0) -> 0 | T5: =IF(M5,IF(P5,MIN('SE4X Production'!$E$33,2),T5),0) -> 0 | U5: =IF(M5,IF(P5,MIN('SE4X Production'!$E$34,3),U5),0) -> 0 | V5: =IF(M5,IF(P5,MIN('SE4X Production'!$E$35,7),V5),1) -> 1 | W5: Cloaking | X5: =IF(M5,IF(P5,MIN('SE4X Production'!$E$42,2),X5),1) -> 1
A6: FALSE | D6: FALSE | F6: SC #2 | G6: =IF(A6,IF(D6,MIN('SE4X Production'!$E$32,1),G6),0) -> 0 | H6: =IF(A6,IF(D6,MIN('SE4X Production'!$E$33,1),H6),0) -> 0 | I6: =IF(A6,IF(D6,MIN('SE4X Production'!$E$34,3),I6),0) -> 0 | J6: =IF(A6,IF(D6,MIN('SE4X Production'!$E$35,7),J6),1) -> 1 | K6: Point Defense | L6: =IF(A6,IF(D6,MIN('SE4X Production'!$E$41,3),L6),0) -> 0 | M6: FALSE | P6: FALSE | R6: Raider #4 | S6: =IF(M6,IF(P6,MIN('SE4X Production'!$E$32,2),S6),0) -> 0 | T6: =IF(M6,IF(P6,MIN('SE4X Production'!$E$33,2),T6),0) -> 0 | U6: =IF(M6,IF(P6,MIN('SE4X Production'!$E$34,3),U6),0) -> 0 | V6: =IF(M6,IF(P6,MIN('SE4X Production'!$E$35,7),V6),1) -> 1 | W6: Cloaking | X6: =IF(M6,IF(P6,MIN('SE4X Production'!$E$42,2),X6),1) -> 1
A7: FALSE | D7: FALSE | F7: SC #3 | G7: =IF(A7,IF(D7,MIN('SE4X Production'!$E$32,1),G7),0) -> 0 | H7: =IF(A7,IF(D7,MIN('SE4X Production'!$E$33,1),H7),0) -> 0 | I7: =IF(A7,IF(D7,MIN('SE4X Production'!$E$34,3),I7),0) -> 0 | J7: =IF(A7,IF(D7,MIN('SE4X Production'!$E$35,7),J7),1) -> 1 | K7: Point Defense | L7: =IF(A7,IF(D7,MIN('SE4X Production'!$E$41,3),L7),0) -> 0 | M7: FALSE | P7: FALSE | R7: Raider #5 | S7: =IF(M7,IF(P7,MIN('SE4X Production'!$E$32,2),S7),0) -> 0 | T7: =IF(M7,IF(P7,MIN('SE4X Production'!$E$33,2),T7),0) -> 0 | U7: =IF(M7,IF(P7,MIN('SE4X Production'!$E$34,3),U7),0) -> 0 | V7: =IF(M7,IF(P7,MIN('SE4X Production'!$E$35,7),V7),1) -> 1 | W7: Cloaking | X7: =IF(M7,IF(P7,MIN('SE4X Production'!$E$42,2),X7),1) -> 1
A8: FALSE | D8: FALSE | F8: SC #4 | G8: =IF(A8,IF(D8,MIN('SE4X Production'!$E$32,1),G8),0) -> 0 | H8: =IF(A8,IF(D8,MIN('SE4X Production'!$E$33,1),H8),0) -> 0 | I8: =IF(A8,IF(D8,MIN('SE4X Production'!$E$34,3),I8),0) -> 0 | J8: =IF(A8,IF(D8,MIN('SE4X Production'!$E$35,7),J8),1) -> 1 | K8: Point Defense | L8: =IF(A8,IF(D8,MIN('SE4X Production'!$E$41,3),L8),0) -> 0 | M8: FALSE | P8: FALSE | R8: Raider #6 | S8: =IF(M8,IF(P8,MIN('SE4X Production'!$E$32,2),S8),0) -> 0 | T8: =IF(M8,IF(P8,MIN('SE4X Production'!$E$33,2),T8),0) -> 0 | U8: =IF(M8,IF(P8,MIN('SE4X Production'!$E$34,3),U8),0) -> 0 | V8: =IF(M8,IF(P8,MIN('SE4X Production'!$E$35,7),V8),1) -> 1 | W8: Cloaking | X8: =IF(M8,IF(P8,MIN('SE4X Production'!$E$42,2),X8),1) -> 1
A9: FALSE | D9: FALSE | F9: SC #5 | G9: =IF(A9,IF(D9,MIN('SE4X Production'!$E$32,1),G9),0) -> 0 | H9: =IF(A9,IF(D9,MIN('SE4X Production'!$E$33,1),H9),0) -> 0 | I9: =IF(A9,IF(D9,MIN('SE4X Production'!$E$34,3),I9),0) -> 0 | J9: =IF(A9,IF(D9,MIN('SE4X Production'!$E$35,7),J9),1) -> 1 | K9: Point Defense | L9: =IF(A9,IF(D9,MIN('SE4X Production'!$E$41,3),L9),0) -> 0 | M9: FALSE | P9: FALSE | R9: Fighter #1 | S9: =IF(M9,IF(P9,MIN('SE4X Production'!$E$32,1),S9),0) -> 0 | T9: =IF(M9,IF(P9,MIN('SE4X Production'!$E$33,1),T9),0) -> 0 | U9: =IF(M9,IF(P9,MIN('SE4X Production'!$E$34,3),U9),0) -> 0 | W9: Fighters | X9: =IF(M9,IF(P9,MIN('SE4X Production'!$E$40,3),X9),1) -> 1
A10: FALSE | D10: FALSE | F10: SC #6 | G10: =IF(A10,IF(D10,MIN('SE4X Production'!$E$32,1),G10),0) -> 0 | H10: =IF(A10,IF(D10,MIN('SE4X Production'!$E$33,1),H10),0) -> 0 | I10: =IF(A10,IF(D10,MIN('SE4X Production'!$E$34,3),I10),0) -> 0 | J10: =IF(A10,IF(D10,MIN('SE4X Production'!$E$35,7),J10),1) -> 1 | K10: Point Defense | L10: =IF(A10,IF(D10,MIN('SE4X Production'!$E$41,3),L10),0) -> 0 | M10: FALSE | P10: FALSE | R10: Fighter #2 | S10: =IF(M10,IF(P10,MIN('SE4X Production'!$E$32,1),S10),0) -> 0 | T10: =IF(M10,IF(P10,MIN('SE4X Production'!$E$33,1),T10),0) -> 0 | U10: =IF(M10,IF(P10,MIN('SE4X Production'!$E$34,3),U10),0) -> 0 | W10: Fighters | X10: =IF(M10,IF(P10,MIN('SE4X Production'!$E$40,3),X10),1) -> 1
A11: FALSE | D11: FALSE | F11: DD #1 | G11: =IF(A11,IF(D11,MIN('SE4X Production'!$E$32,1),G11),0) -> 0 | H11: =IF(A11,IF(D11,MIN('SE4X Production'!$E$33,1),H11),0) -> 0 | I11: =IF(A11,IF(D11,MIN('SE4X Production'!$E$34,3),I11),0) -> 0 | J11: =IF(A11,IF(D11,MIN('SE4X Production'!$E$35,7),J11),1) -> 1 | K11: Scanners | L11: =IF(A11,IF(D11,MIN('SE4X Production'!$E$43,2),L11),0) -> 0 | M11: FALSE | P11: FALSE | R11: Fighter #3 | S11: =IF(M11,IF(P11,MIN('SE4X Production'!$E$32,1),S11),0) -> 0 | T11: =IF(M11,IF(P11,MIN('SE4X Production'!$E$33,1),T11),0) -> 0 | U11: =IF(M11,IF(P11,MIN('SE4X Production'!$E$34,3),U11),0) -> 0 | W11: Fighters | X11: =IF(M11,IF(P11,MIN('SE4X Production'!$E$40,3),X11),1) -> 1
A12: FALSE | D12: FALSE | F12: DD #2 | G12: =IF(A12,IF(D12,MIN('SE4X Production'!$E$32,1),G12),0) -> 0 | H12: =IF(A12,IF(D12,MIN('SE4X Production'!$E$33,1),H12),0) -> 0 | I12: =IF(A12,IF(D12,MIN('SE4X Production'!$E$34,3),I12),0) -> 0 | J12: =IF(A12,IF(D12,MIN('SE4X Production'!$E$35,7),J12),1) -> 1 | K12: Scanners | L12: =IF(A12,IF(D12,MIN('SE4X Production'!$E$43,2),L12),0) -> 0 | M12: FALSE | P12: FALSE | R12: Fighter #4 | S12: =IF(M12,IF(P12,MIN('SE4X Production'!$E$32,1),S12),0) -> 0 | T12: =IF(M12,IF(P12,MIN('SE4X Production'!$E$33,1),T12),0) -> 0 | U12: =IF(M12,IF(P12,MIN('SE4X Production'!$E$34,3),U12),0) -> 0 | W12: Fighters | X12: =IF(M12,IF(P12,MIN('SE4X Production'!$E$40,3),X12),1) -> 1
A13: FALSE | D13: FALSE | F13: DD #3 | G13: =IF(A13,IF(D13,MIN('SE4X Production'!$E$32,1),G13),0) -> 0 | H13: =IF(A13,IF(D13,MIN('SE4X Production'!$E$33,1),H13),0) -> 0 | I13: =IF(A13,IF(D13,MIN('SE4X Production'!$E$34,3),I13),0) -> 0 | J13: =IF(A13,IF(D13,MIN('SE4X Production'!$E$35,7),J13),1) -> 1 | K13: Scanners | L13: =IF(A13,IF(D13,MIN('SE4X Production'!$E$43,2),L13),0) -> 0 | M13: FALSE | P13: FALSE | R13: Fighter #5 | S13: =IF(M13,IF(P13,MIN('SE4X Production'!$E$32,1),S13),0) -> 0 | T13: =IF(M13,IF(P13,MIN('SE4X Production'!$E$33,1),T13),0) -> 0 | U13: =IF(M13,IF(P13,MIN('SE4X Production'!$E$34,3),U13),0) -> 0 | W13: Fighters | X13: =IF(M13,IF(P13,MIN('SE4X Production'!$E$40,3),X13),1) -> 1
A14: FALSE | D14: FALSE | F14: DD #4 | G14: =IF(A14,IF(D14,MIN('SE4X Production'!$E$32,1),G14),0) -> 0 | H14: =IF(A14,IF(D14,MIN('SE4X Production'!$E$33,1),H14),0) -> 0 | I14: =IF(A14,IF(D14,MIN('SE4X Production'!$E$34,3),I14),0) -> 0 | J14: =IF(A14,IF(D14,MIN('SE4X Production'!$E$35,7),J14),1) -> 1 | K14: Scanners | L14: =IF(A14,IF(D14,MIN('SE4X Production'!$E$43,2),L14),0) -> 0 | M14: FALSE | P14: FALSE | R14: Fighter #6 | S14: =IF(M14,IF(P14,MIN('SE4X Production'!$E$32,1),S14),0) -> 0 | T14: =IF(M14,IF(P14,MIN('SE4X Production'!$E$33,1),T14),0) -> 0 | U14: =IF(M14,IF(P14,MIN('SE4X Production'!$E$34,3),U14),0) -> 0 | W14: Fighters | X14: =IF(M14,IF(P14,MIN('SE4X Production'!$E$40,3),X14),1) -> 1
A15: FALSE | D15: FALSE | F15: DD #5 | G15: =IF(A15,IF(D15,MIN('SE4X Production'!$E$32,1),G15),0) -> 0 | H15: =IF(A15,IF(D15,MIN('SE4X Production'!$E$33,1),H15),0) -> 0 | I15: =IF(A15,IF(D15,MIN('SE4X Production'!$E$34,3),I15),0) -> 0 | J15: =IF(A15,IF(D15,MIN('SE4X Production'!$E$35,7),J15),1) -> 1 | K15: Scanners | L15: =IF(A15,IF(D15,MIN('SE4X Production'!$E$43,2),L15),0) -> 0 | M15: FALSE | P15: FALSE | R15: Fighter #7 | S15: =IF(M15,IF(P15,MIN('SE4X Production'!$E$32,1),S15),0) -> 0 | T15: =IF(M15,IF(P15,MIN('SE4X Production'!$E$33,1),T15),0) -> 0 | U15: =IF(M15,IF(P15,MIN('SE4X Production'!$E$34,3),U15),0) -> 0 | W15: Fighters | X15: =IF(M15,IF(P15,MIN('SE4X Production'!$E$40,3),X15),1) -> 1
A16: FALSE | D16: FALSE | F16: DD #6 | G16: =IF(A16,IF(D16,MIN('SE4X Production'!$E$32,1),G16),0) -> 0 | H16: =IF(A16,IF(D16,MIN('SE4X Production'!$E$33,1),H16),0) -> 0 | I16: =IF(A16,IF(D16,MIN('SE4X Production'!$E$34,3),I16),0) -> 0 | J16: =IF(A16,IF(D16,MIN('SE4X Production'!$E$35,7),J16),1) -> 1 | K16: Scanners | L16: =IF(A16,IF(D16,MIN('SE4X Production'!$E$43,2),L16),0) -> 0 | M16: FALSE | P16: FALSE | R16: Fighter #8 | S16: =IF(M16,IF(P16,MIN('SE4X Production'!$E$32,1),S16),0) -> 0 | T16: =IF(M16,IF(P16,MIN('SE4X Production'!$E$33,1),T16),0) -> 0 | U16: =IF(M16,IF(P16,MIN('SE4X Production'!$E$34,3),U16),0) -> 0 | W16: Fighters | X16: =IF(M16,IF(P16,MIN('SE4X Production'!$E$40,3),X16),1) -> 1
A17: FALSE | D17: FALSE | F17: CA #1 | G17: =IF(A17,IF(D17,MIN('SE4X Production'!$E$32,2),G17),0) -> 0 | H17: =IF(A17,IF(D17,MIN('SE4X Production'!$E$33,2),H17),0) -> 0 | I17: =IF(A17,IF(D17,MIN('SE4X Production'!$E$34,3),I17),0) -> 0 | J17: =IF(A17,IF(D17,MIN('SE4X Production'!$E$35,7),J17),1) -> 1 | K17: Exploration | L17: =IF(A17,IF(D17,MIN('SE4X Production'!$E$38,1),L17),0) -> 0 | M17: FALSE | P17: FALSE | R17: Fighter #9 | S17: =IF(M17,IF(P17,MIN('SE4X Production'!$E$32,1),S17),0) -> 0 | T17: =IF(M17,IF(P17,MIN('SE4X Production'!$E$33,1),T17),0) -> 0 | U17: =IF(M17,IF(P17,MIN('SE4X Production'!$E$34,3),U17),0) -> 0 | W17: Fighters | X17: =IF(M17,IF(P17,MIN('SE4X Production'!$E$40,3),X17),1) -> 1
A18: FALSE | D18: FALSE | F18: CA #2 | G18: =IF(A18,IF(D18,MIN('SE4X Production'!$E$32,2),G18),0) -> 0 | H18: =IF(A18,IF(D18,MIN('SE4X Production'!$E$33,2),H18),0) -> 0 | I18: =IF(A18,IF(D18,MIN('SE4X Production'!$E$34,3),I18),0) -> 0 | J18: =IF(A18,IF(D18,MIN('SE4X Production'!$E$35,7),J18),1) -> 1 | K18: Exploration | L18: =IF(A18,IF(D18,MIN('SE4X Production'!$E$38,1),L18),0) -> 0 | M18: FALSE | P18: FALSE | R18: Fighter #10 | S18: =IF(M18,IF(P18,MIN('SE4X Production'!$E$32,1),S18),0) -> 0 | T18: =IF(M18,IF(P18,MIN('SE4X Production'!$E$33,1),T18),0) -> 0 | U18: =IF(M18,IF(P18,MIN('SE4X Production'!$E$34,3),U18),0) -> 0 | W18: Fighters | X18: =IF(M18,IF(P18,MIN('SE4X Production'!$E$40,3),X18),1) -> 1
A19: FALSE | D19: FALSE | F19: CA #3 | G19: =IF(A19,IF(D19,MIN('SE4X Production'!$E$32,2),G19),0) -> 0 | H19: =IF(A19,IF(D19,MIN('SE4X Production'!$E$33,2),H19),0) -> 0 | I19: =IF(A19,IF(D19,MIN('SE4X Production'!$E$34,3),I19),0) -> 0 | J19: =IF(A19,IF(D19,MIN('SE4X Production'!$E$35,7),J19),1) -> 1 | K19: Exploration | L19: =IF(A19,IF(D19,MIN('SE4X Production'!$E$38,1),L19),0) -> 0 | M19: FALSE | P19: FALSE | R19: CV #1 | S19: =IF(M19,IF(P19,MIN('SE4X Production'!$E$32,1),S19),0) -> 0 | T19: =IF(M19,IF(P19,MIN('SE4X Production'!$E$33,1),T19),0) -> 0 | U19: =IF(M19,IF(P19,MIN('SE4X Production'!$E$34,3),U19),0) -> 0 | V19: =IF(M19,IF(P19,MIN('SE4X Production'!$E$35,7),V19),1) -> 1
A20: FALSE | D20: FALSE | F20: CA #4 | G20: =IF(A20,IF(D20,MIN('SE4X Production'!$E$32,2),G20),0) -> 0 | H20: =IF(A20,IF(D20,MIN('SE4X Production'!$E$33,2),H20),0) -> 0 | I20: =IF(A20,IF(D20,MIN('SE4X Production'!$E$34,3),I20),0) -> 0 | J20: =IF(A20,IF(D20,MIN('SE4X Production'!$E$35,7),J20),1) -> 1 | K20: Exploration | L20: =IF(A20,IF(D20,MIN('SE4X Production'!$E$38,1),L20),0) -> 0 | M20: FALSE | P20: FALSE | R20: CV #2 | S20: =IF(M20,IF(P20,MIN('SE4X Production'!$E$32,1),S20),0) -> 0 | T20: =IF(M20,IF(P20,MIN('SE4X Production'!$E$33,1),T20),0) -> 0 | U20: =IF(M20,IF(P20,MIN('SE4X Production'!$E$34,3),U20),0) -> 0 | V20: =IF(M20,IF(P20,MIN('SE4X Production'!$E$35,7),V20),1) -> 1
A21: FALSE | D21: FALSE | F21: CA #5 | G21: =IF(A21,IF(D21,MIN('SE4X Production'!$E$32,2),G21),0) -> 0 | H21: =IF(A21,IF(D21,MIN('SE4X Production'!$E$33,2),H21),0) -> 0 | I21: =IF(A21,IF(D21,MIN('SE4X Production'!$E$34,3),I21),0) -> 0 | J21: =IF(A21,IF(D21,MIN('SE4X Production'!$E$35,7),J21),1) -> 1 | K21: Exploration | L21: =IF(A21,IF(D21,MIN('SE4X Production'!$E$38,1),L21),0) -> 0 | M21: FALSE | P21: FALSE | R21: CV #3 | S21: =IF(M21,IF(P21,MIN('SE4X Production'!$E$32,1),S21),0) -> 0 | T21: =IF(M21,IF(P21,MIN('SE4X Production'!$E$33,1),T21),0) -> 0 | U21: =IF(M21,IF(P21,MIN('SE4X Production'!$E$34,3),U21),0) -> 0 | V21: =IF(M21,IF(P21,MIN('SE4X Production'!$E$35,7),V21),1) -> 1
A22: FALSE | D22: FALSE | F22: CA #6 | G22: =IF(A22,IF(D22,MIN('SE4X Production'!$E$32,2),G22),0) -> 0 | H22: =IF(A22,IF(D22,MIN('SE4X Production'!$E$33,2),H22),0) -> 0 | I22: =IF(A22,IF(D22,MIN('SE4X Production'!$E$34,3),I22),0) -> 0 | J22: =IF(A22,IF(D22,MIN('SE4X Production'!$E$35,7),J22),1) -> 1 | K22: Exploration | L22: =IF(A22,IF(D22,MIN('SE4X Production'!$E$38,1),L22),0) -> 0 | M22: FALSE | P22: FALSE | R22: CV #4 | S22: =IF(M22,IF(P22,MIN('SE4X Production'!$E$32,1),S22),0) -> 0 | T22: =IF(M22,IF(P22,MIN('SE4X Production'!$E$33,1),T22),0) -> 0 | U22: =IF(M22,IF(P22,MIN('SE4X Production'!$E$34,3),U22),0) -> 0 | V22: =IF(M22,IF(P22,MIN('SE4X Production'!$E$35,7),V22),1) -> 1
A23: FALSE | D23: FALSE | F23: BC #1 | G23: =IF(A23,IF(D23,MIN('SE4X Production'!$E$32,2),G23),0) -> 0 | H23: =IF(A23,IF(D23,MIN('SE4X Production'!$E$33,2),H23),0) -> 0 | I23: =IF(A23,IF(D23,MIN('SE4X Production'!$E$34,3),I23),0) -> 0 | J23: =IF(A23,IF(D23,MIN('SE4X Production'!$E$35,7),J23),1) -> 1 | M23: FALSE | P23: FALSE | R23: CV #5 | S23: =IF(M23,IF(P23,MIN('SE4X Production'!$E$32,1),S23),0) -> 0 | T23: =IF(M23,IF(P23,MIN('SE4X Production'!$E$33,1),T23),0) -> 0 | U23: =IF(M23,IF(P23,MIN('SE4X Production'!$E$34,3),U23),0) -> 0 | V23: =IF(M23,IF(P23,MIN('SE4X Production'!$E$35,7),V23),1) -> 1
A24: FALSE | D24: FALSE | F24: BC #2 | G24: =IF(A24,IF(D24,MIN('SE4X Production'!$E$32,2),G24),0) -> 0 | H24: =IF(A24,IF(D24,MIN('SE4X Production'!$E$33,2),H24),0) -> 0 | I24: =IF(A24,IF(D24,MIN('SE4X Production'!$E$34,3),I24),0) -> 0 | J24: =IF(A24,IF(D24,MIN('SE4X Production'!$E$35,7),J24),1) -> 1 | M24: FALSE | P24: FALSE | R24: CV #6 | S24: =IF(M24,IF(P24,MIN('SE4X Production'!$E$32,1),S24),0) -> 0 | T24: =IF(M24,IF(P24,MIN('SE4X Production'!$E$33,1),T24),0) -> 0 | U24: =IF(M24,IF(P24,MIN('SE4X Production'!$E$34,3),U24),0) -> 0 | V24: =IF(M24,IF(P24,MIN('SE4X Production'!$E$35,7),V24),1) -> 1
A25: FALSE | D25: FALSE | F25: BC #3 | G25: =IF(A25,IF(D25,MIN('SE4X Production'!$E$32,2),G25),0) -> 0 | H25: =IF(A25,IF(D25,MIN('SE4X Production'!$E$33,2),H25),0) -> 0 | I25: =IF(A25,IF(D25,MIN('SE4X Production'!$E$34,3),I25),0) -> 0 | J25: =IF(A25,IF(D25,MIN('SE4X Production'!$E$35,7),J25),1) -> 1 | M25: FALSE | P25: FALSE | R25: SW #1 | S25: =IF(M25,IF(P25,MIN('SE4X Production'!$E$32,1),S25),0) -> 0 | T25: =IF(M25,IF(P25,MIN('SE4X Production'!$E$33,1),T25),0) -> 0 | U25: =IF(M25,IF(P25,MIN('SE4X Production'!$E$34,3),U25),0) -> 0 | V25: =IF(M25,IF(P25,MIN('SE4X Production'!$E$35,7),V25),1) -> 1 | W25: Mine Sweep | X25: =IF(M25,IF(P25,MIN('SE4X Production'!$E$45,2),X25),1) -> 1
A26: FALSE | D26: FALSE | F26: BC #4 | G26: =IF(A26,IF(D26,MIN('SE4X Production'!$E$32,2),G26),0) -> 0 | H26: =IF(A26,IF(D26,MIN('SE4X Production'!$E$33,2),H26),0) -> 0 | I26: =IF(A26,IF(D26,MIN('SE4X Production'!$E$34,3),I26),0) -> 0 | J26: =IF(A26,IF(D26,MIN('SE4X Production'!$E$35,7),J26),1) -> 1 | M26: FALSE | P26: FALSE | R26: SW #2 | S26: =IF(M26,IF(P26,MIN('SE4X Production'!$E$32,1),S26),0) -> 0 | T26: =IF(M26,IF(P26,MIN('SE4X Production'!$E$33,1),T26),0) -> 0 | U26: =IF(M26,IF(P26,MIN('SE4X Production'!$E$34,3),U26),0) -> 0 | V26: =IF(M26,IF(P26,MIN('SE4X Production'!$E$35,7),V26),1) -> 1 | W26: Mine Sweep | X26: =IF(M26,IF(P26,MIN('SE4X Production'!$E$45,2),X26),1) -> 1
A27: FALSE | D27: FALSE | F27: BC #5 | G27: =IF(A27,IF(D27,MIN('SE4X Production'!$E$32,2),G27),0) -> 0 | H27: =IF(A27,IF(D27,MIN('SE4X Production'!$E$33,2),H27),0) -> 0 | I27: =IF(A27,IF(D27,MIN('SE4X Production'!$E$34,3),I27),0) -> 0 | J27: =IF(A27,IF(D27,MIN('SE4X Production'!$E$35,7),J27),1) -> 1 | M27: FALSE | P27: FALSE | R27: SW #3 | S27: =IF(M27,IF(P27,MIN('SE4X Production'!$E$32,1),S27),0) -> 0 | T27: =IF(M27,IF(P27,MIN('SE4X Production'!$E$33,1),T27),0) -> 0 | U27: =IF(M27,IF(P27,MIN('SE4X Production'!$E$34,3),U27),0) -> 0 | V27: =IF(M27,IF(P27,MIN('SE4X Production'!$E$35,7),V27),1) -> 1 | W27: Mine Sweep | X27: =IF(M27,IF(P27,MIN('SE4X Production'!$E$45,2),X27),1) -> 1
A28: FALSE | D28: FALSE | F28: BC #6 | G28: =IF(A28,IF(D28,MIN('SE4X Production'!$E$32,2),G28),0) -> 0 | H28: =IF(A28,IF(D28,MIN('SE4X Production'!$E$33,2),H28),0) -> 0 | I28: =IF(A28,IF(D28,MIN('SE4X Production'!$E$34,3),I28),0) -> 0 | J28: =IF(A28,IF(D28,MIN('SE4X Production'!$E$35,7),J28),1) -> 1 | M28: FALSE | P28: FALSE | R28: SW #4 | S28: =IF(M28,IF(P28,MIN('SE4X Production'!$E$32,1),S28),0) -> 0 | T28: =IF(M28,IF(P28,MIN('SE4X Production'!$E$33,1),T28),0) -> 0 | U28: =IF(M28,IF(P28,MIN('SE4X Production'!$E$34,3),U28),0) -> 0 | V28: =IF(M28,IF(P28,MIN('SE4X Production'!$E$35,7),V28),1) -> 1 | W28: Mine Sweep | X28: =IF(M28,IF(P28,MIN('SE4X Production'!$E$45,2),X28),1) -> 1
A29: FALSE | D29: FALSE | F29: BB #1 | G29: =IF(A29,IF(D29,MIN('SE4X Production'!$E$32,3),G29),0) -> 0 | H29: =IF(A29,IF(D29,MIN('SE4X Production'!$E$33,3),H29),0) -> 0 | I29: =IF(A29,IF(D29,MIN('SE4X Production'!$E$34,3),I29),0) -> 0 | J29: =IF(A29,IF(D29,MIN('SE4X Production'!$E$35,7),J29),1) -> 1 | M29: FALSE | P29: FALSE | R29: SW #5 | S29: =IF(M29,IF(P29,MIN('SE4X Production'!$E$32,1),S29),0) -> 0 | T29: =IF(M29,IF(P29,MIN('SE4X Production'!$E$33,1),T29),0) -> 0 | U29: =IF(M29,IF(P29,MIN('SE4X Production'!$E$34,3),U29),0) -> 0 | V29: =IF(M29,IF(P29,MIN('SE4X Production'!$E$35,7),V29),1) -> 1 | W29: Mine Sweep | X29: =IF(M29,IF(P29,MIN('SE4X Production'!$E$45,2),X29),1) -> 1
A30: FALSE | D30: FALSE | F30: BB #2 | G30: =IF(A30,IF(D30,MIN('SE4X Production'!$E$32,3),G30),0) -> 0 | H30: =IF(A30,IF(D30,MIN('SE4X Production'!$E$33,3),H30),0) -> 0 | I30: =IF(A30,IF(D30,MIN('SE4X Production'!$E$34,3),I30),0) -> 0 | J30: =IF(A30,IF(D30,MIN('SE4X Production'!$E$35,7),J30),1) -> 1 | M30: FALSE | P30: FALSE | R30: SW #6 | S30: =IF(M30,IF(P30,MIN('SE4X Production'!$E$32,1),S30),0) -> 0 | T30: =IF(M30,IF(P30,MIN('SE4X Production'!$E$33,1),T30),0) -> 0 | U30: =IF(M30,IF(P30,MIN('SE4X Production'!$E$34,3),U30),0) -> 0 | V30: =IF(M30,IF(P30,MIN('SE4X Production'!$E$35,7),V30),1) -> 1 | W30: Mine Sweep | X30: =IF(M30,IF(P30,MIN('SE4X Production'!$E$45,2),X30),1) -> 1
A31: FALSE | D31: FALSE | F31: BB #3 | G31: =IF(A31,IF(D31,MIN('SE4X Production'!$E$32,3),G31),0) -> 0 | H31: =IF(A31,IF(D31,MIN('SE4X Production'!$E$33,3),H31),0) -> 0 | I31: =IF(A31,IF(D31,MIN('SE4X Production'!$E$34,3),I31),0) -> 0 | J31: =IF(A31,IF(D31,MIN('SE4X Production'!$E$35,7),J31),1) -> 1
A32: FALSE | D32: FALSE | F32: BB #4 | G32: =IF(A32,IF(D32,MIN('SE4X Production'!$E$32,3),G32),0) -> 0 | H32: =IF(A32,IF(D32,MIN('SE4X Production'!$E$33,3),H32),0) -> 0 | I32: =IF(A32,IF(D32,MIN('SE4X Production'!$E$34,3),I32),0) -> 0 | J32: =IF(A32,IF(D32,MIN('SE4X Production'!$E$35,7),J32),1) -> 1
A33: FALSE | D33: FALSE | F33: BB #5 | G33: =IF(A33,IF(D33,MIN('SE4X Production'!$E$32,3),G33),0) -> 0 | H33: =IF(A33,IF(D33,MIN('SE4X Production'!$E$33,3),H33),0) -> 0 | I33: =IF(A33,IF(D33,MIN('SE4X Production'!$E$34,3),I33),0) -> 0 | J33: =IF(A33,IF(D33,MIN('SE4X Production'!$E$35,7),J33),1) -> 1
A34: FALSE | D34: FALSE | F34: BB #6 | G34: =IF(A34,IF(D34,MIN('SE4X Production'!$E$32,3),G34),0) -> 0 | H34: =IF(A34,IF(D34,MIN('SE4X Production'!$E$33,3),H34),0) -> 0 | I34: =IF(A34,IF(D34,MIN('SE4X Production'!$E$34,3),I34),0) -> 0 | J34: =IF(A34,IF(D34,MIN('SE4X Production'!$E$35,7),J34),1) -> 1
A35: FALSE | D35: FALSE | F35: DN #1 | G35: =IF(A35,IF(D35,MIN('SE4X Production'!$E$32,3),G35),0) -> 0 | H35: =IF(A35,IF(D35,MIN('SE4X Production'!$E$33,3),H35),0) -> 0 | I35: =IF(A35,IF(D35,MIN('SE4X Production'!$E$34,3),I35),0) -> 0 | J35: =IF(A35,IF(D35,MIN('SE4X Production'!$E$35,7),J35),1) -> 1
A36: FALSE | D36: FALSE | F36: DN #2 | G36: =IF(A36,IF(D36,MIN('SE4X Production'!$E$32,3),G36),0) -> 0 | H36: =IF(A36,IF(D36,MIN('SE4X Production'!$E$33,3),H36),0) -> 0 | I36: =IF(A36,IF(D36,MIN('SE4X Production'!$E$34,3),I36),0) -> 0 | J36: =IF(A36,IF(D36,MIN('SE4X Production'!$E$35,7),J36),1) -> 1
A37: FALSE | D37: FALSE | F37: DN #3 | G37: =IF(A37,IF(D37,MIN('SE4X Production'!$E$32,3),G37),0) -> 0 | H37: =IF(A37,IF(D37,MIN('SE4X Production'!$E$33,3),H37),0) -> 0 | I37: =IF(A37,IF(D37,MIN('SE4X Production'!$E$34,3),I37),0) -> 0 | J37: =IF(A37,IF(D37,MIN('SE4X Production'!$E$35,7),J37),1) -> 1
A38: FALSE | D38: FALSE | F38: DN #4 | G38: =IF(A38,IF(D38,MIN('SE4X Production'!$E$32,3),G38),0) -> 0 | H38: =IF(A38,IF(D38,MIN('SE4X Production'!$E$33,3),H38),0) -> 0 | I38: =IF(A38,IF(D38,MIN('SE4X Production'!$E$34,3),I38),0) -> 0 | J38: =IF(A38,IF(D38,MIN('SE4X Production'!$E$35,7),J38),1) -> 1
A39: FALSE | D39: FALSE | F39: DN #5 | G39: =IF(A39,IF(D39,MIN('SE4X Production'!$E$32,3),G39),0) -> 0 | H39: =IF(A39,IF(D39,MIN('SE4X Production'!$E$33,3),H39),0) -> 0 | I39: =IF(A39,IF(D39,MIN('SE4X Production'!$E$34,3),I39),0) -> 0 | J39: =IF(A39,IF(D39,MIN('SE4X Production'!$E$35,7),J39),1) -> 1
